0,0.00099635,0,-0.10874,-0.11453,-0.0039674,0,0,0,0,0,0,139,0,0,0,0,1,0.1,0,2.201,0
0,0.0072566,0,-0.18683,-0.2286,-0.02961,0,0,0,0,0,0,139,0,0,0,0,1,0.2,0,2.2073,0
0,0.022833,0,-0.21835,-0.34479,-0.095167,0,0,0,0,0,0,139,0,0,0,0,1,0.3,0,2.2228,0
0,0.049342,0,-0.17435,-0.42964,-0.21226,0,0,0,0,0,0,139,0,0,0,0,1,0.4,0,2.2493,0
0,0.085299,0,-0.062813,-0.46305,-0.3817,0,0,0,0,0,0,139,0,0,0,0,1,0.5,0,2.2853,0
0,0.12653,0,0.10968,-0.4154,-0.58708,0,0,0,0,0,0,139,0,0,0,0,1,0.6,0,2.3265,0
0,0.16784,0,0.29495,-0.3126,-0.79109,0,0,0,0,0,0,139,0,0,0,0,1,0.7,0,2.3678,0
0,0.20476,0,0.43822,-0.20971,-0.94415,0,0,0,0,0,0,139,0,0,0,0,1,0.8,0,2.4048,0
0,0.23533,0,0.49786,-0.16003,-1.0129,0,0,0,0,0,0,139,0,0,0,0,1,0.9,0,2.4353,0
0,0.26087,0,0.46566,-0.17909,-1.0078,0,0,0,0,0,0,139,0,0,0,0,1,1,0,2.4609,0
0,0.28521,0,0.38981,-0.22204,-0.97668,0,0,0,0,0,0,139,0,0,0,0,1,1.1,0,2.4852,0
0,0.31269,0,0.31979,-0.24631,-0.97374,0,0,0,0,0,0,139,0,0,0,0,1,1.2,0,2.5127,0
0,0.34587,0,0.30067,-0.21473,-1.0324,0,0,0,0,0,0,139,0,0,0,0,1,1.3,0,2.5459,0
0,0.38386,0,0.34412,-0.119,-1.1535,0,0,0,0,0,0,139,0,0,0,0,1,1.4,0,2.5839,0
0,0.4227,0,0.43362,0.017838,-1.3052,0,0,0,0,0,0,139,0,0,0,0,1,1.5,0,2.6227,0
0,0.45793,0,0.54287,0.15287,-1.4395,0,0,0,0,0,0,139,0,0,0,0,1,1.6,0,2.6579,0
0,0.48765,0,0.63359,0.23824,-1.5282,0,0,0,0,0,0,139,0,0,0,0,1,1.7,0,2.6876,0
0,0.51346,0,0.69371,0.2781,-1.5854,0,0,0,0,0,0,139,0,0,0,0,1,1.8,0,2.7135,0
0,0.53851,0,0.73347,0.31183,-1.6478,0,0,0,0,0,0,139,0,0,0,0,1,1.9,0,2.7385,0
0,0.56464,0,0.77088,0.37558,-1.7361,0,0,0,0,0,0,139,0,0,0,0,1,2,0,2.7646,0
0,0.59145,0,0.81218,0.47328,-1.8378,0,0,0,0,0,0,139,0,0,0,0,1,2.1,0,2.7914,0
0,0.61723,0,0.83796,0.56842,-1.9198,0,0,0,0,0,0,139,0,0,0,0,1,2.2,0,2.8172,0
0,0.64088,0,0.82964,0.6288,-1.9588,0,0,0,0,0,0,139,0,0,0,0,1,2.3,0,2.8409,0
0,0.66299,0,0.78988,0.6611,-1.9615,0,0,0,0,0,0,139,0,0,0,0,1,2.4,0,2.863,0
0,0.68485,0,0.71695,0.67539,-1.9505,0,0,0,0,0,0,139,0,0,0,0,1,2.5,0,2.8848,0
0,0.70678,0,0.62309,0.68243,-1.9363,0,0,0,0,0,0,139,0,0,0,0,1,2.6,0,2.9068,0
0,0.72788,0,0.51557,0.66861,-1.9116,0,0,0,0,0,0,139,0,0,0,0,1,2.7,0,2.9279,0
0,0.74724,0,0.40429,0.62117,-1.8709,0,0,0,0,0,0,139,0,0,0,0,1,2.8,0,2.9472,0
0,0.7655,0,0.31918,0.56856,-1.8323,0,0,0,0,0,0,139,0,0,0,0,1,2.9,0,2.9655,0
0,0.78488,0,0.29124,0.56141,-1.8328,0,0,0,0,0,0,139,0,0,0,0,1,3,0,2.9849,0
0,0.80743,0,0.35299,0.65617,-1.9056,0,0,0,0,0,0,139,0,0,0,0,1,3.1,0,3.0074,0
0,0.83355,0,0.52726,0.8974,-2.064,0,0,0,0,0,0,139,0,0,0,0,1,3.2,0,3.0336,0
0,0.86165,0,0.7755,1.2659,-2.2937,0,0,0,0,0,0,139,0,0,0,0,1,3.3,0,3.0617,0
0,0.88808,0,0.99487,1.6526,-2.5336,0,0,0,0,0,0,139,0,0,0,0,1,3.4,0,3.0881,0
0,0.9075,0,1.039,1.8318,-2.6615,0,0,0,0,0,0,139,0,0,0,0,1,3.5,0,3.1075,0
0,0.91575,0,0.83255,1.6087,-2.5694,0,0,0,0,0,0,139,0,0,0,0,1,3.6,0,3.1157,0
0,0.91508,0,0.50913,1.1264,-2.3142,0,0,0,0,0,0,139,0,0,0,0,1,3.7,0,3.1151,0
0,0.91639,0,0.28997,0.76683,-2.1034,0,0,0,0,0,0,139,0,0,0,0,1,3.8,0,3.1164,0
0,0.93241,0,0.31197,0.80835,-2.1185,0,0,0,0,0,0,139,0,0,0,0,1,3.9,0,3.1324,0
0,0.96617,0,0.6,1.345,-2.4152,0,0,0,0,0,0,139,0,0,0,0,1,4,0,3.1662,0
0,1.0061,0,1.0026,2.158,-2.8562,0,0,0,0,0,0,139,0,0,0,0,1,4.1,0,3.2061,0
0,1.0343,0,1.2299,2.616,-3.0826,0,0,0,0,0,0,139,0,0,0,0,1,4.2,0,3.2343,0
0,1.0439,0,1.1025,2.3286,-2.8966,0,0,0,0,0,0,139,0,0,0,0,1,4.3,0,3.2439,0
0,1.0459,0,0.80641,1.7979,-2.5779,0,0,0,0,0,0,139,0,0,0,0,1,4.4,0,3.2459,0
0,1.0551,0,0.59406,1.5664,-2.433,0,0,0,0,0,0,139,0,0,0,0,1,4.5,0,3.2551,0
0,1.074,0,0.53658,1.6962,-2.4943,0,0,0,0,0,0,139,0,0,0,0,1,4.6,0,3.274,0
0,1.0933,0,0.55853,1.916,-2.6011,0,0,0,0,0,0,139,0,0,0,0,1,4.7,0,3.2933,0
0,1.1049,0,0.57544,1.9675,-2.6105,0,0,0,0,0,0,139,0,0,0,0,1,4.8,0,3.3049,0
0,1.1116,0,0.54793,1.8882,-2.5711,0,0,0,0,0,0,139,0,0,0,0,1,4.9,0,3.3116,0
0,1.1205,0,0.52713,1.8881,-2.6048,0,0,0,0,0,0,139,0,0,0,0,1,5,0,3.3205,0
0,1.1328,0,0.59845,2.0588,-2.7234,-0.016798,-0.06626,-0.0074524,-0.014441,0.016242,0,139,0,-0.06692,-0.0429,0,1,5.1,0,3.3328,0
0,1.1439,0,0.72874,2.2576,-2.8389,-0.033619,-0.13445,-0.014579,-0.028229,0.031761,0,139,0,-0.13609,-0.087145,0,1,5.2,0,3.3439,0
0,1.1527,0,0.85724,2.3977,-2.9126,-0.050736,-0.20384,-0.021615,-0.041834,0.047076,0,139,0,-0.20436,-0.13159,0,1,5.3,0,3.3527,0
0,1.1615,0,0.95333,2.5306,-2.979,-0.067616,-0.27403,-0.028461,-0.055056,0.061968,0,139,0,-0.27511,-0.17711,0,1,5.4,0,3.3615,0
0,1.1707,0,0.99395,2.6636,-3.0367,-0.08385,-0.34442,-0.035079,-0.067822,0.076349,0,139,0,-0.35298,-0.2247,0,1,5.5,0,3.3707,0
0,1.1768,0,0.92283,2.6538,-3.0076,-0.10078,-0.41296,-0.042241,-0.081676,0.091944,0,139,0,-0.4317,-0.27095,0,1,5.6,0,3.3768,0
0,1.1765,0,0.7084,2.3743,-2.8329,-0.12065,-0.47661,-0.051126,-0.09897,0.11136,0,139,0,-0.49751,-0.31013,0,1,5.7,0,3.3765,0
0,1.1709,0,0.40285,1.8925,-2.5634,-0.1438,-0.53353,-0.062105,-0.12045,0.1354,0,139,0,-0.54665,-0.34233,0,1,5.8,0,3.3709,0
0,1.1647,0,0.1508,1.4493,-2.3191,-0.1674,-0.58636,-0.074007,-0.14377,0.16144,0,139,0,-0.58794,-0.37307,0,1,5.9,0,3.3647,0
0,1.1653,0,0.12234,1.3252,-2.2202,-0.1862,-0.644,-0.084004,-0.16328,0.18328,0,139,0,-0.63817,-0.40901,0,1,6,0,3.3653,0
0,1.1781,0,0.35816,1.6649,-2.3553,-0.19465,-0.71638,-0.088745,-0.17231,0.19357,0,139,0,-0.72289,-0.45845,0,1,6.1,0,3.3781,0
0,1.2004,0,0.75161,2.4063,-2.7101,-0.19208,-0.80117,-0.088004,-0.1704,0.19171,0,139,0,-0.86644,-0.53124,0,1,6.2,0,3.4004,0
0,1.2173,0,1.0311,3.0501,-3.0327,-0.19053,-0.88232,-0.087757,-0.16946,0.19083,0,139,0,-1.0378,-0.61707,0,1,6.3,0,3.4173,0
0,1.2136,0,0.92743,2.8547,-2.9441,-0.2103,-0.94791,-0.096311,-0.18609,0.20953,0,139,0,-1.0941,-0.65394,0,1,6.4,0,3.4136,0
0,1.1918,0,0.54826,2.012,-2.5163,-0.25344,-0.99528,-0.11469,-0.22235,0.25,0,139,0,-1.0377,-0.64544,0,1,6.5,0,3.3918,0
0,1.172,0,0.23885,1.3899,-2.1845,-0.29735,-1.0403,-0.13326,-0.259,0.29074,0,139,0,-1.0184,-0.65447,0,1,6.6,0,3.372,0
0,1.1698,0,0.16569,1.3513,-2.1756,-0.32233,-1.1113,-0.14159,-0.27519,0.30892,0,139,0,-1.0969,-0.69796,0,1,6.7,0,3.3698,0
0,1.1817,0,0.31321,1.78,-2.4189,-0.32836,-1.2076,-0.1404,-0.27238,0.30614,0,139,0,-1.2568,-0.7713,0,1,6.8,0,3.3817,0
0,1.1922,0,0.53806,2.2256,-2.6479,-0.33418,-1.3023,-0.14003,-0.27123,0.30511,0,139,0,-1.4016,-0.84499,0,1,6.9,0,3.3922,0
0,1.1928,0,0.67183,2.2952,-2.6657,-0.35453,-1.3808,-0.14714,-0.28501,0.3206,0,139,0,-1.4425,-0.88318,0,1,7,0,3.3928,0
0,1.1901,0,0.68598,2.1505,-2.5821,-0.38001,-1.4491,-0.15768,-0.30565,0.3437,0,139,0,-1.4496,-0.90749,0,1,7.1,0,3.3901,0
0,1.1931,0,0.69351,2.1387,-2.5807,-0.39571,-1.5216,-0.16472,-0.31932,0.35905,0,139,0,-1.5121,-0.94946,0,1,7.2,0,3.3931,0
0,1.2016,0,0.7557,2.3072,-2.6676,-0.4013,-1.6005,-0.16796,-0.32541,0.36601,0,139,0,-1.6255,-1.0082,0,1,7.3,0,3.4016,0
0,1.2093,0,0.84385,2.4731,-2.72,-0.40786,-1.6769,-0.17243,-0.33399,0.37571,0,139,0,-1.7272,-1.0611,0,1,7.4,0,3.4093,0
0,1.2131,0,0.87723,2.4895,-2.6762,-0.42158,-1.7455,-0.18063,-0.35003,0.39366,0,139,0,-1.788,-1.096,0,1,7.5,0,3.4131,0
0,1.2146,0,0.82895,2.3999,-2.5866,-0.43876,-1.8088,-0.19056,-0.36954,0.41544,0,139,0,-1.8428,-1.1257,0,1,7.6,0,3.4146,0
0,1.2151,0,0.73178,2.2775,-2.4931,-0.4568,-1.8703,-0.2006,-0.38927,0.43745,0,139,0,-1.9117,-1.1583,0,1,7.7,0,3.4151,0
0,1.2135,0,0.61701,2.1143,-2.3857,-0.47849,-1.9304,-0.21155,-0.41081,0.46144,0,139,0,-1.9729,-1.1884,0,1,7.8,0,3.4135,0
0,1.2098,0,0.51151,1.9171,-2.2704,-0.50442,-1.9906,-0.22349,-0.4343,0.48758,0,139,0,-2.0106,-1.2142,0,1,7.9,0,3.4098,0
0,1.2065,0,0.47502,1.7931,-2.2012,-0.52852,-2.0577,-0.23366,-0.45425,0.50982,0,139,0,-2.0425,-1.2443,0,1,8,0,3.4065,0
0,1.2069,0,0.57274,1.8769,-2.2453,-0.5427,-2.142,-0.2382,-0.46292,0.51969,0,139,0,-2.1,-1.2899,0,1,8.1,0,3.4069,0
0,1.2128,0,0.85219,2.2741,-2.4441,-0.5425,-2.2477,-0.23498,-0.45608,0.51246,0,139,0,-2.2159,-1.3613,0,1,8.2,0,3.4128,0
0,1.2229,0,1.2307,2.9225,-2.7722,-0.53084,-2.3646,-0.22601,-0.43776,0.49246,0,139,0,-2.4178,-1.4674,0,1,8.3,0,3.4229,0
0,1.2307,0,1.475,3.4525,-3.0446,-0.5251,-2.4706,-0.21997,-0.42528,0.47876,0,139,0,-2.6598,-1.585,0,1,8.4,0,3.4307,0
0,1.2271,0,1.3156,3.2539,-2.9488,-0.55482,-2.5471,-0.2294,-0.44376,0.49947,0,139,0,-2.7367,-1.6203,0,1,8.5,0,3.4271,0
0,1.2102,0,0.8334,2.3193,-2.4476,-0.63036,-2.5853,-0.25899,-0.50254,0.56476,0,139,0,-2.5777,-1.5543,0,1,8.6,0,3.4102,0
0,1.192,0,0.41443,1.4451,-1.9321,-0.7137,-2.604,-0.29438,-0.57292,0.6424,0,139,0,-2.4181,-1.5007,0,1,8.7,0,3.392,0
0,1.19,0,0.34386,1.2641,-1.7826,-0.74895,-2.6647,-0.30986,-0.60358,0.67624,0,139,0,-2.4371,-1.5183,0,1,8.8,0,3.39,0
0,1.2095,0,0.6479,1.8976,-2.1104,-0.71382,-2.7929,-0.29483,-0.57325,0.6433,0,139,0,-2.6987,-1.623,0,1,8.9,0,3.4095,0
0,1.2355,0,1.0956,2.9147,-2.6496,-0.64885,-2.9278,-0.27033,-0.52401,0.58924,0,139,0,-3.1112,-1.7971,0,1,9,0,3.4355,0
0,1.2463,0,1.3154,3.2599,-2.8021,-0.63574,-3.0199,-0.2685,-0.52006,0.58503,0,139,0,-3.2475,-1.873,0,1,9.1,0,3.4463,0
0,1.2397,0,1.182,2.6851,-2.4453,-0.688,-3.0733,-0.29313,-0.56907,0.63934,0,139,0,-3.0205,-1.8015,0,1,9.2,0,3.4397,0
0,1.2342,0,1.0035,2.1924,-2.1443,-0.73551,-3.1249,-0.3159,-0.61434,0.68929,0,139,0,-2.9042,-1.771,0,1,9.3,0,3.4342,0
0,1.2422,0,1.0487,2.3605,-2.2378,-0.73266,-3.2187,-0.31549,-0.61327,0.68835,0,139,0,-3.0621,-1.8383,0,1,9.4,0,3.4422,0
0,1.2559,0,1.2624,2.922,-2.534,-0.7079,-3.3371,-0.3042,-0.59045,0.66343,0,139,0,-3.3593,-1.9593,0,1,9.5,0,3.4559,0
0,1.2608,0,1.3925,3.1409,-2.6024,-0.72074,-3.4444,-0.30651,-0.59485,0.66844,0,139,0,-3.4824,-2.0162,0,1,9.6,0,3.4608,0
0,1.256,0,1.3224,2.8393,-2.384,-0.77599,-3.5335,-0.32454,-0.63068,0.70804,0,139,0,-3.4053,-1.995,0,1,9.7,0,3.456,0
0,1.2523,0,1.1911,2.5397,-2.2025,-0.82722,-3.6213,-0.3405,-0.66237,0.74302,0,139,0,-3.3921,-1.9975,0,1,9.8,0,3.4523,0
0,1.2547,0,1.15,2.5287,-2.2036,-0.85261,-3.7251,-0.34564,-0.67237,0.75422,0,139,0,-3.5079,-2.048,0,1,9.9,0,3.4547,0
0,1.2595,0,1.2206,2.6633,-2.2581,-0.87076,-3.8377,-0.34794,-0.67672,0.75921,0,139,0,-3.6269,-2.1043,0,1,10,0,3.4595,0
0,1.264,0,1.3346,2.7677,-2.2737,-0.89342,-3.9501,-0.35289,-0.6864,0.77004,0,139,0,-3.6753,-2.141,0,1,10.1,0,3.464,0
0,1.2714,0,1.4857,2.9644,-2.3468,-0.90352,-4.0644,-0.35448,-0.68932,0.77346,0,139,0,-3.7521,-2.1898,0,1,10.2,0,3.4714,0
0,1.283,0,1.6905,3.3689,-2.537,-0.89164,-4.1796,-0.34927,-0.67866,0.76198,0,139,0,-3.9412,-2.276,0,1,10.3,0,3.483,0
0,1.2942,0,1.8315,3.6975,-2.669,-0.88234,-4.2816,-0.34686,-0.6736,0.7566,0,139,0,-4.1566,-2.3614,0,1,10.4,0,3.4942,0
0,1.2992,0,1.7233,3.5018,-2.5177,-0.90618,-4.3576,-0.3586,-0.69686,0.78234,0,139,0,-4.2363,-2.3802,0,1,10.5,0,3.4992,0
0,1.2981,0,1.3875,2.818,-2.1242,-0.96132,-4.4045,-0.3837,-0.74684,0.83733,0,139,0,-4.192,-2.3463,0,1,10.6,0,3.4981,0
0,1.2957,0,1.0348,2.0839,-1.7179,-1.0208,-4.4386,-0.41146,-0.80211,0.89794,0,139,0,-4.1365,-2.3175,0,1,10.7,0,3.4957,0
0,1.2979,0,0.90861,1.7377,-1.4986,-1.0562,-4.4968,-0.42929,-0.83749,0.9368,0,139,0,-4.1322,-2.3236,0,1,10.8,0,3.4979,0
0,1.31,0,1.1412,2.08,-1.6312,-1.0412,-4.6134,-0.42509,-0.82879,0.92767,0,139,0,-4.2592,-2.3908,0,1,10.9,0,3.51,0
0,1.3325,0,1.6803,3.1627,-2.1744,-0.97161,-4.7768,-0.39766,-0.77364,0.86775,0,139,0,-4.6212,-2.5547,0,1,11,0,3.5325,0
0,1.3546,0,2.2154,4.3561,-2.7759,-0.90696,-4.9324,-0.37142,-0.72087,0.81001,0,139,0,-5.1017,-2.7706,0,1,11.1,0,3.5546,0
0,1.3626,0,2.2461,4.3341,-2.737,-0.93872,-5.0618,-0.37916,-0.73622,0.82702,0,139,0,-5.1301,-2.7915,0,1,11.2,0,3.5626,0
0,1.3586,0,1.8395,3.2153,-2.0939,-1.0636,-5.173,-0.41896,-0.81584,0.91431,0,139,0,-4.7613,-2.6401,0,1,11.3,0,3.5586,0
0,1.3609,0,1.6129,2.5675,-1.6647,-1.1688,-5.3017,-0.4496,-0.87724,0.98111,0,139,0,-4.6287,-2.5764,0,1,11.4,0,3.5609,0
0,1.3806,0,1.8282,3.1083,-1.8971,-1.1754,-5.4908,-0.44212,-0.86233,0.96481,0,139,0,-4.9223,-2.6596,0,1,11.5,0,3.5806,0
0,1.4076,0,2.2091,4.2243,-2.4338,-1.1351,-5.6935,-0.41947,-0.81708,0.91544,0,139,0,-5.4393,-2.8227,0,1,11.6,0,3.6076,0
0,1.4229,0,2.266,4.3394,-2.4209,-1.1744,-5.8602,-0.42622,-0.83066,0.93017,0,139,0,-5.5643,-2.8443,0,1,11.7,0,3.6229,0
0,1.4253,0,1.9737,3.2961,-1.7958,-1.302,-5.9811,-0.46479,-0.90788,1.014,0,139,0,-5.281,-2.7281,0,1,11.8,0,3.6253,0
0,1.4319,0,1.7771,2.6428,-1.4056,-1.3846,-6.0855,-0.49128,-0.96078,1.0714,0,139,0,-5.2025,-2.6976,0,1,11.9,0,3.6319,0
0,1.452,0,1.943,3.1349,-1.6627,-1.3478,-6.2158,-0.47991,-0.93772,1.0469,0,139,0,-5.5135,-2.8072,0,1,12,0,3.652,0
0,1.4757,0,2.2784,4.0629,-2.1285,-1.2736,-6.345,-0.45827,-0.89399,1,0,139,0,-5.9556,-2.9784,0,1,12.1,0,3.6757,0
0,1.4901,0,2.421,4.1867,-2.1397,-1.2745,-6.456,-0.46159,-0.90028,1.0073,0,139,0,-6.0477,-3.0354,0,1,12.2,0,3.6901,0
0,1.5002,0,2.409,3.8,-1.8658,-1.3212,-6.5606,-0.47972,-0.93628,1.0468,0,139,0,-5.9614,-3.0198,0,1,12.3,0,3.7002,0
0,1.518,0,2.4862,3.9506,-1.8994,-1.32,-6.6801,-0.48155,-0.93969,1.0508,0,139,0,-6.1843,-3.0906,0,1,12.4,0,3.718,0
0,1.5412,0,2.5922,4.4366,-2.1172,-1.2931,-6.8145,-0.47397,-0.92439,1.0343,0,139,0,-6.6503,-3.2197,0,1,12.5,0,3.7412,0
0,1.5579,0,2.4666,4.07,-1.8723,-1.3506,-6.9568,-0.49084,-0.9582,1.071,0,139,0,-6.7765,-3.2097,0,1,12.6,0,3.7579,0
0,1.5685,0,2.1864,2.9645,-1.2414,-1.4907,-7.1078,-0.53026,-1.0373,1.1563,0,139,0,-6.5664,-3.0905,0,1,12.7,0,3.7685,0
0,1.587,0,2.1238,2.5513,-0.97134,-1.5802,-7.2949,-0.55111,-1.0792,1.2012,0,139,0,-6.5712,-3.0586,0,1,12.8,0,3.787,0
0,1.6184,0,2.4521,3.4461,-1.3507,-1.5586,-7.5397,-0.53573,-1.0486,1.168,0,139,0,-6.9312,-3.1538,0,1,12.9,0,3.8184,0
0,1.6523,0,2.9501,4.7958,-1.9059,-1.519,-7.8032,-0.51405,-1.0052,1.1211,0,139,0,-7.3508,-3.2858,0,1,13,0,3.8523,0
0,1.6784,0,3.2696,5.3311,-2.0443,-1.556,-8.0559,-0.51465,-1.0065,1.1224,0,139,0,-7.4787,-3.3277,0,1,13.1,0,3.8784,0
0,1.7,0,3.3388,5.1504,-1.8716,-1.6351,-8.2836,-0.52898,-1.0352,1.1534,0,139,0,-7.5171,-3.3273,0,1,13.2,0,3.9,0
0,1.7235,0,3.2767,4.8978,-1.7199,-1.7,-8.4901,-0.54124,-1.0597,1.1798,0,139,0,-7.7106,-3.3582,0,1,13.3,0,3.9235,0
0,1.7483,0,3.2271,4.5615,-1.5099,-1.7746,-8.699,-0.55639,-1.09,1.2125,0,139,0,-7.8906,-3.3731,0,1,13.4,0,3.9483,0
0,1.7756,0,3.2758,4.2687,-1.2795,-1.8598,-8.9291,-0.57335,-1.1241,1.2489,0,139,0,-7.9949,-3.362,0,1,13.5,0,3.9756,0
0,1.8109,0,3.511,4.7686,-1.4088,-1.8804,-9.1766,-0.57304,-1.1236,1.2482,0,139,0,-8.3116,-3.41,0,1,13.6,0,4.0109,0
0,1.8513,0,3.7895,5.8011,-1.7921,-1.8468,-9.4124,-0.56086,-1.0993,1.2219,0,139,0,-8.8551,-3.5168,0,1,13.7,0,4.0513,0
0,1.8846,0,3.7798,5.5871,-1.6471,-1.9008,-9.6317,-0.57295,-1.1236,1.2478,0,139,0,-9.0378,-3.516,0,1,13.8,0,4.0846,0
0,1.9106,0,3.6445,4.2842,-1.0127,-2.0486,-9.8478,-0.6084,-1.1947,1.3239,0,139,0,-8.8563,-3.4231,0,1,13.9,0,4.1106,0
0,1.9444,0,3.746,4.2058,-0.91622,-2.0969,-10.077,-0.61828,-1.2145,1.345,0,139,0,-9.0464,-3.4463,0,1,14,0,4.1444,0
0,1.9883,0,4.1225,5.8047,-1.5349,-2.011,-10.325,-0.59465,-1.167,1.2945,0,139,0,-9.7397,-3.6151,0,1,14.1,0,4.1883,0
0,2.0266,0,4.425,6.5836,-1.7631,-2.012,-10.59,-0.59081,-1.1592,1.2863,0,139,0,-10.134,-3.7064,0,1,14.2,0,4.2266,0
0,2.0564,0,4.502,5.6557,-1.2682,-2.1603,-10.889,-0.61942,-1.2167,1.3476,0,139,0,-9.9559,-3.6317,0,1,14.3,0,4.2564,0
0,2.0952,0,4.7087,5.7956,-1.223,-2.2357,-11.209,-0.62839,-1.2348,1.3666,0,139,0,-10.172,-3.6397,0,1,14.4,0,4.2952,0
0,2.1452,0,5.074,7.5181,-1.8117,-2.2012,-11.54,-0.61051,-1.1992,1.3282,0,139,0,-10.938,-3.7577,0,1,14.5,0,4.3452,0
0,2.189,0,5.25,7.7236,-1.7667,-2.2937,-11.892,-0.61991,-1.2183,1.348,0,139,0,-11.295,-3.7401,0,1,14.6,0,4.389,0
0,2.2252,0,5.2172,6.1861,-1.0877,-2.5125,-12.248,-0.65594,-1.2909,1.4247,0,139,0,-11.268,-3.6203,0,1,14.7,0,4.4252,0
0,2.269,0,5.3037,6.1019,-0.99858,-2.6012,-12.577,-0.66634,-1.3118,1.4467,0,139,0,-11.802,-3.6438,0,1,14.8,0,4.469,0
0,2.3185,0,5.4901,7.0008,-1.2661,-2.605,-12.911,-0.66131,-1.3018,1.436,0,139,0,-12.58,-3.7489,0,1,14.9,0,4.5185,0
0,2.3639,0,5.7921,6.7396,-1.0548,-2.7256,-13.3,-0.67834,-1.3359,1.4723,0,139,0,-12.72,-3.7472,0,1,15,0,4.5639,0
0,2.4158,0,6.2116,7.2393,-1.0935,-2.7999,-13.718,-0.6853,-1.35,1.487,0,139,0,-12.908,-3.7712,0,1,15.1,0,4.6158,0
0,2.479,0,6.6791,9.7993,-1.8574,-2.7191,-14.108,-0.66353,-1.3064,1.4405,0,139,0,-13.724,-3.9173,0,1,15.2,0,4.679,0
0,2.5349,0,6.8941,10.031,-1.8447,-2.7996,-14.512,-0.67262,-1.3247,1.4598,0,139,0,-13.971,-3.9124,0,1,15.3,0,4.7349,0
0,2.5833,0,6.972,8.1096,-1.1297,-3.0267,-14.928,-0.70825,-1.3963,1.5356,0,139,0,-13.775,-3.7954,0,1,15.4,0,4.7833,0
0,2.6424,0,7.1491,9.131,-1.4059,-3.0341,-15.298,-0.70465,-1.3891,1.5279,0,139,0,-14.545,-3.8704,0,1,15.5,0,4.8424,0
0,2.7012,0,7.4594,10.632,-1.7773,-3.025,-15.681,-0.69815,-1.376,1.5141,0,139,0,-15.495,-3.9822,0,1,15.6,0,4.9012,0
0,2.7493,0,7.8029,9.3312,-1.2446,-3.2334,-16.149,-0.72697,-1.4339,1.5754,0,139,0,-15.598,-3.931,0,1,15.7,0,4.9493,0
0,2.807,0,8.2011,10.326,-1.4216,-3.2895,-16.605,-0.72901,-1.438,1.5797,0,139,0,-16.374,-3.9959,0,1,15.8,0,5.007,0
0,2.8721,0,8.5556,12.639,-1.9759,-3.2701,-17.059,-0.71777,-1.4156,1.5556,0,139,0,-17.523,-4.102,0,1,15.9,0,5.0721,0
0,2.9281,0,8.8355,10.987,-1.3928,-3.5378,-17.613,-0.74918,-1.4789,1.6221,0,139,0,-17.394,-3.9612,0,1,16,0,5.1281,0
0,2.9916,0,9.1702,11.322,-1.375,-3.6749,-18.142,-0.75977,-1.5003,1.6444,0,139,0,-17.854,-3.9275,0,1,16.1,0,5.1916,0
0,3.0619,0,9.546,14.391,-2.0732,-3.6172,-18.621,-0.74434,-1.4694,1.6115,0,139,0,-19.2,-4.0557,0,1,16.2,0,5.2619,0
0,3.1187,0,10.039,13,-1.5772,-3.8424,-19.194,-0.77232,-1.5256,1.6709,0,139,0,-19.424,-4.0228,0,1,16.3,0,5.3187,0
0,3.1826,0,10.492,13.272,-1.5342,-3.9446,-19.734,-0.78401,-1.549,1.6957,0,139,0,-20.167,-4.0783,0,1,16.4,0,5.3826,0
0,3.2586,0,10.791,16.242,-2.1832,-3.882,-20.237,-0.77176,-1.5245,1.6698,0,139,0,-21.492,-4.2118,0,1,16.5,0,5.4586,0
0,3.3263,0,11.197,14.225,-1.5913,-4.1705,-20.888,-0.8036,-1.5885,1.7372,0,139,0,-21.038,-4.0721,0,1,16.6,0,5.5263,0
0,3.4032,0,11.649,15.942,-1.8903,-4.2355,-21.496,-0.80518,-1.5917,1.7406,0,139,0,-21.566,-4.0946,0,1,16.7,0,5.6032,0
0,3.4803,0,12.218,19.533,-2.5929,-4.1827,-22.083,-0.79477,-1.5707,1.7186,0,139,0,-22.876,-4.2531,0,1,16.8,0,5.6803,0
0,3.5426,0,12.991,17.102,-1.8733,-4.476,-22.809,-0.83002,-1.6413,1.7935,0,139,0,-22.968,-4.2298,0,1,16.9,0,5.7426,0
0,3.6209,0,13.467,20.583,-2.5248,-4.4425,-23.409,-0.82087,-1.6228,1.7743,0,139,0,-24.742,-4.3824,0,1,17,0,5.8209,0
0,3.6982,0,13.854,21.083,-2.4902,-4.6263,-24.096,-0.83312,-1.6474,1.8003,0,139,0,-25.652,-4.3363,0,1,17.1,0,5.8982,0
0,3.7724,0,14.376,19.371,-1.9803,-4.9601,-24.866,-0.86082,-1.7031,1.859,0,139,0,-26.188,-4.2143,0,1,17.2,0,5.9724,0
0,3.8562,0,14.797,24.139,-2.78,-4.9004,-25.539,-0.84779,-1.6769,1.8314,0,139,0,-28.994,-4.3899,0,1,17.3,0,6.0562,0
0,3.9263,0,15.787,21.388,-2.0629,-5.2831,-26.459,-0.88499,-1.7516,1.9102,0,139,0,-29.642,-4.3371,0,1,17.4,0,6.1263,0
0,4.013,0,16.47,24.949,-2.5629,-5.358,-27.301,-0.88464,-1.751,1.9094,0,139,0,-31.231,-4.3997,0,1,17.5,0,6.213,0
0,4.1028,0,17.158,28.111,-2.9688,-5.4902,-28.185,-0.88863,-1.7591,1.9178,0,139,0,-32.054,-4.3918,0,1,17.6,0,6.3028,0
0,4.1834,0,18.187,26.36,-2.4998,-5.8249,-29.171,-0.91933,-1.8207,1.9829,0,139,0,-32.057,-4.3402,0,1,17.7,0,6.3834,0
0,4.2748,0,18.853,32.517,-3.4371,-5.6879,-29.968,-0.90835,-1.7984,1.9599,0,139,0,-34.682,-4.5826,0,1,17.8,0,6.4748,0
0,4.3564,0,19.982,28.829,-2.6462,-6.1078,-31.021,-0.9475,-1.8769,2.043,0,139,0,-34.32,-4.4824,0,1,17.9,0,6.5564,0
0,4.4574,0,20.53,35.706,-3.6482,-6.0675,-31.922,-0.93657,-1.8548,2.0201,0,139,0,-36.201,-4.5829,0,1,18,0,6.6574,0
0,4.5462,0,21.749,34.517,-3.2628,-6.4215,-33.09,-0.96582,-1.9135,2.0822,0,139,0,-36.706,-4.5557,0,1,18.1,0,6.7462,0
0,4.6401,0,22.853,38.122,-3.6416,-6.5514,-34.218,-0.97506,-1.9319,2.102,0,139,0,-38.853,-4.6773,0,1,18.2,0,6.8401,0
0,4.7355,0,24.032,40.943,-3.8415,-6.8044,-35.438,-0.98944,-1.9606,2.1327,0,139,0,-40.555,-4.6955,0,1,18.3,0,6.9355,0
0,4.8313,0,25.435,42.57,-3.8163,-7.1617,-36.793,-1.0108,-2.0034,2.1781,0,139,0,-42.265,-4.6811,0,1,18.4,0,7.0313,0
0,4.9316,0,26.709,48.022,-4.3343,-7.3334,-38.142,-1.0193,-2.0202,2.1962,0,139,0,-45.591,-4.7972,0,1,18.5,0,7.1316,0
0,5.028,0,28.275,47.408,-3.9841,-7.7811,-39.632,-1.0495,-2.0808,2.2605,0,139,0,-47.394,-4.7601,0,1,18.6,0,7.228,0
0,5.133,0,29.435,54.712,-4.6995,-7.8928,-41.038,-1.054,-2.0896,2.2704,0,139,0,-51.274,-4.882,0,1,18.7,0,7.333,0
0,5.2301,0,31.552,53.867,-4.3006,-8.3791,-42.755,-1.089,-2.1597,2.3447,0,139,0,-53.377,-4.88,0,1,18.8,0,7.4301,0
0,5.3376,0,33.025,62.883,-5.134,-8.5043,-44.326,-1.094,-2.1695,2.3557,0,139,0,-57.138,-4.9893,0,1,18.9,0,7.5376,0
0,5.4368,0,35.281,63.369,-4.9132,-8.9237,-46.117,-1.1257,-2.2329,2.4233,0,139,0,-59.574,-5.0267,0,1,19,0,7.6368,0
0,5.5417,0,37.099,69.796,-5.3782,-9.111,-47.826,-1.1404,-2.2619,2.4549,0,139,0,-64.197,-5.1652,0,1,19.1,0,7.7417,0
0,5.6462,0,38.751,74.355,-5.5675,-9.436,-49.554,-1.1589,-2.2986,2.495,0,139,0,-68.71,-5.1826,0,1,19.2,0,7.8462,0
0,5.7426,0,40.974,75.119,-5.3086,-9.8484,-51.414,-1.188,-2.3564,2.5573,0,139,0,-75.466,-5.2546,0,1,19.3,0,7.9426,0
0,5.8429,0,42.306,85.697,-5.962,-10.002,-53.06,-1.1917,-2.3631,2.5662,0,139,0,-85.699,-5.3608,0,1,19.4,0,8.0429,0
0,5.9254,0,44.73,82.186,-5.2419,-10.678,-54.882,-1.2267,-2.4326,2.6412,0,139,0,-94.499,-5.2655,0,1,19.5,0,8.1254,0
0,6.0073,0,45.327,95.201,-5.9303,-10.544,-56.035,-1.2175,-2.4132,2.6233,0,139,0,-116.53,-5.4909,0,1,19.6,0,8.2073,0
0,6.0628,0,46.916,87.4,-4.8717,-11.244,-57.076,-1.245,-2.4675,2.683,0,139,0,-140.58,-5.2403,0,1,19.7,0,8.2628,0
0,6.1126,0,45.994,95.43,-4.9535,-10.851,-57.213,-1.2274,-2.4309,2.6474,0,139,0,-216.08,-5.4604,0,1,19.8,0,8.3126,0
0,6.1354,0,46.828,85.985,-3.9242,-11.415,-57.365,-1.2439,-2.4629,2.6835,0,139,0,-414.3,-5.1496,0,1,19.9,0,8.3354,0
0,6.1567,0,44.811,91.527,-3.6541,-10.882,-56.764,-1.2188,-2.4115,2.6317,0,139,0,-3603.5,-0.0028742,0,1,20,0,8.3567,0
