"D_:0","D_:1","D_:2","s11","s22","s12","D1","D2","E1","E2","EMag","Psi","PedigreeNodeId","Result","Gradients:0","Gradients:1","Gradients:2","vtkValidPointMask","Time","Point Coordinates:0","Point Coordinates:1","Point Coordinates:2"
0.00000e+00,0.00000e+00,0.00000e+00,2.22045e-16,2.22045e-16,-1.50347e-19,0.00000e+00,0.00000e+00,0.00000e+00,0.00000e+00,0.00000e+00,0.00000e+00,399,-0.00000e+00,0.00000e+00,0.00000e+00,0.00000e+00,1,1.00000e-01,-1.00000e+01,2.50000e-01,0.00000e+00
0.00000e+00,0.00000e+00,0.00000e+00,1.54090e-07,1.53527e-07,-4.91223e-11,0.00000e+00,0.00000e+00,0.00000e+00,0.00000e+00,0.00000e+00,0.00000e+00,399,-0.00000e+00,0.00000e+00,0.00000e+00,0.00000e+00,1,2.00000e-01,-1.00000e+01,2.50000e-01,0.00000e+00
0.00000e+00,0.00000e+00,0.00000e+00,1.90967e-03,1.90281e-03,-3.26638e-07,0.00000e+00,0.00000e+00,0.00000e+00,0.00000e+00,0.00000e+00,0.00000e+00,399,-0.00000e+00,0.00000e+00,0.00000e+00,0.00000e+00,1,3.00000e-01,-1.00000e+01,2.50000e-01,0.00000e+00
0.00000e+00,0.00000e+00,0.00000e+00,4.72531e-02,4.70795e-02,-1.10896e-05,0.00000e+00,0.00000e+00,0.00000e+00,0.00000e+00,0.00000e+00,0.00000e+00,399,-0.00000e+00,0.00000e+00,0.00000e+00,0.00000e+00,1,4.00000e-01,-1.00000e+01,2.50000e-01,0.00000e+00
0.00000e+00,0.00000e+00,0.00000e+00,9.26386e-02,9.22756e-02,-4.38811e-05,0.00000e+00,0.00000e+00,0.00000e+00,0.00000e+00,0.00000e+00,0.00000e+00,399,-0.00000e+00,0.00000e+00,0.00000e+00,0.00000e+00,1,5.00000e-01,-1.00000e+01,2.50000e-01,0.00000e+00
0.00000e+00,0.00000e+00,0.00000e+00,1.39345e-01,1.38769e-01,-9.50276e-05,0.00000e+00,0.00000e+00,0.00000e+00,0.00000e+00,0.00000e+00,0.00000e+00,399,-0.00000e+00,0.00000e+00,0.00000e+00,0.00000e+00,1,6.00000e-01,-1.00000e+01,2.50000e-01,0.00000e+00
0.00000e+00,0.00000e+00,0.00000e+00,1.98522e-01,1.97675e-01,-1.64374e-04,0.00000e+00,0.00000e+00,0.00000e+00,0.00000e+00,0.00000e+00,0.00000e+00,399,-0.00000e+00,0.00000e+00,0.00000e+00,0.00000e+00,1,7.00000e-01,-1.00000e+01,2.50000e-01,0.00000e+00
0.00000e+00,0.00000e+00,0.00000e+00,2.68246e-01,2.67083e-01,-2.45665e-04,0.00000e+00,0.00000e+00,0.00000e+00,0.00000e+00,0.00000e+00,0.00000e+00,399,-0.00000e+00,0.00000e+00,0.00000e+00,0.00000e+00,1,8.00000e-01,-1.00000e+01,2.50000e-01,0.00000e+00
0.00000e+00,0.00000e+00,0.00000e+00,3.77884e-01,3.76344e-01,-2.47394e-04,0.00000e+00,0.00000e+00,0.00000e+00,0.00000e+00,0.00000e+00,0.00000e+00,399,-0.00000e+00,0.00000e+00,0.00000e+00,0.00000e+00,1,9.00000e-01,-1.00000e+01,2.50000e-01,0.00000e+00
0.00000e+00,0.00000e+00,0.00000e+00,4.87245e-01,4.85311e-01,-2.50318e-04,7.33922e-17,1.59992e-20,7.34540e-17,-6.55645e-31,7.34540e-17,6.66134e-16,399,-6.66134e-16,7.34540e-17,0.00000e+00,0.00000e+00,1,1.00000e+00,-1.00000e+01,2.50000e-01,0.00000e+00
0.00000e+00,0.00000e+00,0.00000e+00,5.79523e-01,5.77131e-01,-2.78563e-04,1.10132e-02,2.67170e-06,1.10241e-02,-7.85940e-17,1.10241e-02,1.00000e-01,399,-1.00000e-01,1.10241e-02,0.00000e+00,0.00000e+00,1,1.10000e+00,-1.00000e+01,2.50000e-01,0.00000e+00
0.00000e+00,0.00000e+00,0.00000e+00,6.51332e-01,6.48301e-01,-3.21308e-04,2.20184e-02,6.16103e-06,2.20429e-02,-1.89686e-16,2.20429e-02,2.00000e-01,399,-2.00000e-01,2.20429e-02,0.00000e+00,0.00000e+00,1,1.20000e+00,-1.00000e+01,2.50000e-01,0.00000e+00
0.00000e+00,0.00000e+00,0.00000e+00,7.41232e-01,7.37284e-01,-3.19112e-04,3.30186e-02,9.17579e-06,3.30597e-02,-2.42562e-16,3.30597e-02,3.00000e-01,399,-3.00000e-01,3.30597e-02,0.00000e+00,0.00000e+00,1,1.30000e+00,-1.00000e+01,2.50000e-01,0.00000e+00
0.00000e+00,0.00000e+00,0.00000e+00,7.89985e-01,7.85038e-01,-2.86668e-04,4.40159e-02,1.09883e-05,4.40736e-02,-3.07103e-16,4.40736e-02,4.00000e-01,399,-4.00000e-01,4.40736e-02,0.00000e+00,0.00000e+00,1,1.40000e+00,-1.00000e+01,2.50000e-01,0.00000e+00
0.00000e+00,0.00000e+00,0.00000e+00,7.76748e-01,7.70802e-01,-2.36596e-04,5.50146e-02,1.13352e-05,5.50846e-02,-4.44709e-16,5.50846e-02,5.00000e-01,399,-5.00000e-01,5.50846e-02,0.00000e+00,0.00000e+00,1,1.50000e+00,-1.00000e+01,2.50000e-01,0.00000e+00
0.00000e+00,0.00000e+00,0.00000e+00,7.72867e-01,7.65680e-01,-1.75703e-04,6.60197e-02,1.01016e-05,6.61010e-02,-3.85137e-16,6.61010e-02,6.00000e-01,399,-6.00000e-01,6.61010e-02,0.00000e+00,0.00000e+00,1,1.60000e+00,-1.00000e+01,2.50000e-01,0.00000e+00
0.00000e+00,0.00000e+00,0.00000e+00,7.56806e-01,7.48257e-01,-2.27836e-05,7.70341e-02,1.52844e-06,7.71218e-02,-6.00031e-16,7.71218e-02,7.00000e-01,399,-7.00000e-01,7.71218e-02,0.00000e+00,0.00000e+00,1,1.70000e+00,-1.00000e+01,2.50000e-01,0.00000e+00
0.00000e+00,0.00000e+00,0.00000e+00,7.26790e-01,7.16638e-01,1.09666e-04,8.80623e-02,-8.41009e-06,8.81541e-02,-7.02851e-16,8.81541e-02,8.00000e-01,399,-8.00000e-01,8.81541e-02,0.00000e+00,0.00000e+00,1,1.80000e+00,-1.00000e+01,2.50000e-01,0.00000e+00
0.00000e+00,0.00000e+00,0.00000e+00,6.11996e-01,6.00202e-01,1.17679e-04,9.91023e-02,-1.01562e-05,9.91873e-02,-9.01505e-16,9.91873e-02,9.00000e-01,399,-9.00000e-01,9.91873e-02,0.00000e+00,0.00000e+00,1,1.90000e+00,-1.00000e+01,2.50000e-01,0.00000e+00
0.00000e+00,0.00000e+00,0.00000e+00,4.63248e-01,4.49670e-01,1.07859e-04,1.10156e-01,-1.03473e-05,1.10226e-01,-1.12584e-15,1.10226e-01,1.00000e+00,399,-1.00000e+00,1.10226e-01,0.00000e+00,0.00000e+00,1,2.00000e+00,-1.00000e+01,2.50000e-01,0.00000e+00
0.00000e+00,0.00000e+00,0.00000e+00,3.96353e-01,3.80467e-01,1.73124e-04,1.21224e-01,-1.82768e-05,1.21286e-01,-9.27218e-16,1.21286e-01,1.10000e+00,399,-1.10000e+00,1.21286e-01,0.00000e+00,0.00000e+00,1,2.10000e+00,-1.00000e+01,2.50000e-01,0.00000e+00
0.00000e+00,0.00000e+00,0.00000e+00,3.18281e-01,2.99897e-01,2.00809e-04,1.32294e-01,-2.31359e-05,1.32345e-01,-9.99904e-16,1.32345e-01,1.20000e+00,399,-1.20000e+00,1.32345e-01,0.00000e+00,0.00000e+00,1,2.20000e+00,-1.00000e+01,2.50000e-01,0.00000e+00
0.00000e+00,0.00000e+00,0.00000e+00,2.30575e-01,2.09421e-01,1.56535e-04,1.43366e-01,-1.95446e-05,1.43403e-01,-1.14832e-15,1.43403e-01,1.30000e+00,399,-1.30000e+00,1.43403e-01,0.00000e+00,0.00000e+00,1,2.30000e+00,-1.00000e+01,2.50000e-01,0.00000e+00
0.00000e+00,0.00000e+00,0.00000e+00,2.15298e-01,1.90914e-01,1.87390e-04,1.54430e-01,-2.52027e-05,1.54466e-01,-1.07817e-15,1.54466e-01,1.40000e+00,399,-1.40000e+00,1.54466e-01,0.00000e+00,0.00000e+00,1,2.40000e+00,-1.00000e+01,2.50000e-01,0.00000e+00
0.00000e+00,0.00000e+00,0.00000e+00,1.40328e-01,1.12612e-01,1.28153e-04,1.65483e-01,-1.84692e-05,1.65507e-01,-1.39840e-15,1.65507e-01,1.50000e+00,399,-1.50000e+00,1.65507e-01,0.00000e+00,0.00000e+00,1,2.50000e+00,-1.00000e+01,2.50000e-01,0.00000e+00
0.00000e+00,0.00000e+00,0.00000e+00,1.58207e-01,1.26553e-01,-9.36476e-06,1.76527e-01,1.43964e-06,1.76565e-01,-1.65056e-15,1.76565e-01,1.60000e+00,399,-1.60000e+00,1.76565e-01,0.00000e+00,0.00000e+00,1,2.60000e+00,-1.00000e+01,2.50000e-01,0.00000e+00
0.00000e+00,0.00000e+00,0.00000e+00,2.04058e-01,1.68167e-01,-8.68516e-05,1.87546e-01,1.41858e-05,1.87605e-01,-1.71531e-15,1.87605e-01,1.70000e+00,399,-1.70000e+00,1.87605e-01,0.00000e+00,0.00000e+00,1,2.70000e+00,-1.00000e+01,2.50000e-01,0.00000e+00
0.00000e+00,0.00000e+00,0.00000e+00,2.16899e-01,1.76606e-01,-2.18491e-04,1.98541e-01,3.77792e-05,1.98616e-01,-1.87138e-15,1.98616e-01,1.80000e+00,399,-1.80000e+00,1.98616e-01,0.00000e+00,0.00000e+00,1,2.80000e+00,-1.00000e+01,2.50000e-01,0.00000e+00
0.00000e+00,0.00000e+00,0.00000e+00,3.41212e-01,2.95992e-01,-1.94160e-04,2.09517e-01,3.54281e-05,2.09637e-01,-1.73200e-15,2.09637e-01,1.90000e+00,399,-1.90000e+00,2.09637e-01,0.00000e+00,0.00000e+00,1,2.90000e+00,-1.00000e+01,2.50000e-01,0.00000e+00
0.00000e+00,0.00000e+00,0.00000e+00,4.08798e-01,3.58580e-01,-2.48383e-04,2.20478e-01,4.76925e-05,2.20630e-01,-1.77921e-15,2.20630e-01,2.00000e+00,399,-2.00000e+00,2.20630e-01,0.00000e+00,0.00000e+00,1,3.00000e+00,-1.00000e+01,2.50000e-01,0.00000e+00
0.00000e+00,0.00000e+00,0.00000e+00,5.43270e-01,4.87578e-01,-3.15529e-04,2.31437e-01,6.35953e-05,2.31649e-01,-1.50471e-15,2.31649e-01,2.10000e+00,399,-2.10000e+00,2.31649e-01,0.00000e+00,0.00000e+00,1,3.10000e+00,-1.00000e+01,2.50000e-01,0.00000e+00
0.00000e+00,0.00000e+00,0.00000e+00,6.50369e-01,5.89143e-01,-2.84039e-04,2.42389e-01,5.99569e-05,2.42647e-01,-1.50715e-15,2.42647e-01,2.20000e+00,399,-2.20000e+00,2.42647e-01,0.00000e+00,0.00000e+00,1,3.20000e+00,-1.00000e+01,2.50000e-01,0.00000e+00
0.00000e+00,0.00000e+00,0.00000e+00,6.34940e-01,5.68252e-01,-3.51569e-04,2.53349e-01,7.75681e-05,2.53622e-01,-1.62091e-15,2.53622e-01,2.30000e+00,399,-2.30000e+00,2.53622e-01,0.00000e+00,0.00000e+00,1,3.30000e+00,-1.00000e+01,2.50000e-01,0.00000e+00
0.00000e+00,0.00000e+00,0.00000e+00,7.23010e-01,6.50411e-01,-3.20798e-04,2.64333e-01,7.38461e-05,2.64643e-01,-2.02936e-15,2.64643e-01,2.40000e+00,399,-2.40000e+00,2.64643e-01,0.00000e+00,0.00000e+00,1,3.40000e+00,-1.00000e+01,2.50000e-01,0.00000e+00
0.00000e+00,0.00000e+00,0.00000e+00,7.70746e-01,6.92156e-01,-2.37256e-04,2.75342e-01,5.68896e-05,2.75671e-01,-2.63156e-15,2.75671e-01,2.50000e+00,399,-2.50000e+00,2.75671e-01,0.00000e+00,0.00000e+00,1,3.50000e+00,-1.00000e+01,2.50000e-01,0.00000e+00
0.00000e+00,0.00000e+00,0.00000e+00,7.73393e-01,6.88694e-01,-1.17194e-04,2.86386e-01,2.92287e-05,2.86717e-01,-2.49237e-15,2.86717e-01,2.60000e+00,399,-2.60000e+00,2.86717e-01,0.00000e+00,0.00000e+00,1,3.60000e+00,-1.00000e+01,2.50000e-01,0.00000e+00
0.00000e+00,0.00000e+00,0.00000e+00,7.66711e-01,6.75768e-01,1.44193e-05,2.97461e-01,-3.73503e-06,2.97776e-01,-3.22839e-15,2.97776e-01,2.70000e+00,399,-2.70000e+00,2.97776e-01,0.00000e+00,0.00000e+00,1,3.70000e+00,-1.00000e+01,2.50000e-01,0.00000e+00
0.00000e+00,0.00000e+00,0.00000e+00,6.44826e-01,5.47521e-01,2.59127e-05,3.08584e-01,-6.96291e-06,3.08859e-01,-2.12997e-15,3.08859e-01,2.80000e+00,399,-2.80000e+00,3.08859e-01,0.00000e+00,0.00000e+00,1,3.80000e+00,-1.00000e+01,2.50000e-01,0.00000e+00
0.00000e+00,0.00000e+00,0.00000e+00,5.98511e-01,4.94474e-01,1.34666e-04,3.19752e-01,-3.74987e-05,3.19999e-01,-2.59197e-15,3.19999e-01,2.90000e+00,399,-2.90000e+00,3.19999e-01,0.00000e+00,0.00000e+00,1,3.90000e+00,-1.00000e+01,2.50000e-01,0.00000e+00
0.00000e+00,0.00000e+00,0.00000e+00,5.03322e-01,3.92342e-01,2.36465e-04,3.30947e-01,-6.81503e-05,3.31154e-01,-1.57489e-15,3.31154e-01,3.00000e+00,399,-3.00000e+00,3.31154e-01,0.00000e+00,0.00000e+00,1,4.00000e+00,-1.00000e+01,2.50000e-01,0.00000e+00
0.00000e+00,0.00000e+00,0.00000e+00,3.70624e-01,2.52614e-01,2.36767e-04,3.42154e-01,-7.05497e-05,3.42293e-01,-2.70619e-15,3.42293e-01,3.10000e+00,399,-3.10000e+00,3.42293e-01,0.00000e+00,0.00000e+00,1,4.10000e+00,-1.00000e+01,2.50000e-01,0.00000e+00
0.00000e+00,0.00000e+00,0.00000e+00,3.21127e-01,1.95617e-01,2.96628e-04,3.53368e-01,-9.12861e-05,3.53466e-01,-2.06710e-15,3.53466e-01,3.20000e+00,399,-3.20000e+00,3.53466e-01,0.00000e+00,0.00000e+00,1,4.20000e+00,-1.00000e+01,2.50000e-01,0.00000e+00
0.00000e+00,0.00000e+00,0.00000e+00,1.93863e-01,6.07325e-02,3.03557e-04,3.64584e-01,-9.63833e-05,3.64618e-01,-3.19382e-15,3.64618e-01,3.30000e+00,399,-3.30000e+00,3.64618e-01,0.00000e+00,0.00000e+00,1,4.30000e+00,-1.00000e+01,2.50000e-01,0.00000e+00
0.00000e+00,0.00000e+00,0.00000e+00,1.73515e-01,3.22924e-02,3.42381e-04,3.75787e-01,-1.12052e-04,3.75790e-01,-3.97671e-15,3.75790e-01,3.40000e+00,399,-3.40000e+00,3.75790e-01,0.00000e+00,0.00000e+00,1,4.40000e+00,-1.00000e+01,2.50000e-01,0.00000e+00
0.00000e+00,0.00000e+00,0.00000e+00,1.54919e-01,5.18477e-03,2.60376e-04,3.86956e-01,-8.77471e-05,3.86958e-01,-4.60140e-15,3.86958e-01,3.50000e+00,399,-3.50000e+00,3.86958e-01,0.00000e+00,0.00000e+00,1,4.50000e+00,-1.00000e+01,2.50000e-01,0.00000e+00
0.00000e+00,0.00000e+00,0.00000e+00,5.06105e-02,-1.07659e-01,2.92445e-05,3.98090e-01,-1.01400e-05,3.98055e-01,-4.28734e-15,3.98055e-01,3.60000e+00,399,-3.60000e+00,3.98055e-01,0.00000e+00,0.00000e+00,1,4.60000e+00,-1.00000e+01,2.50000e-01,0.00000e+00
0.00000e+00,0.00000e+00,0.00000e+00,1.25719e-01,-4.17938e-02,5.86713e-05,4.09183e-01,-2.09086e-05,4.09198e-01,-2.91517e-15,4.09198e-01,3.70000e+00,399,-3.70000e+00,4.09198e-01,0.00000e+00,0.00000e+00,1,4.70000e+00,-1.00000e+01,2.50000e-01,0.00000e+00
0.00000e+00,0.00000e+00,0.00000e+00,1.62144e-01,-1.48000e-02,-1.68562e-05,4.20235e-01,6.16989e-06,4.20296e-01,-2.65324e-15,4.20296e-01,3.80000e+00,399,-3.80000e+00,4.20296e-01,0.00000e+00,0.00000e+00,1,4.80000e+00,-1.00000e+01,2.50000e-01,0.00000e+00
0.00000e+00,0.00000e+00,0.00000e+00,2.60136e-01,7.35010e-02,-8.36709e-05,4.31254e-01,3.14236e-05,4.31373e-01,-2.76639e-15,4.31373e-01,3.90000e+00,399,-3.90000e+00,4.31373e-01,0.00000e+00,0.00000e+00,1,4.90000e+00,-1.00000e+01,2.50000e-01,0.00000e+00
0.00000e+00,0.00000e+00,0.00000e+00,3.86801e-01,1.90071e-01,-1.10141e-04,4.42236e-01,4.24177e-05,4.42451e-01,-2.72270e-15,4.42451e-01,4.00000e+00,399,-4.00000e+00,4.42451e-01,0.00000e+00,0.00000e+00,1,5.00000e+00,-1.00000e+01,2.50000e-01,0.00000e+00
0.00000e+00,0.00000e+00,0.00000e+00,3.68954e-01,1.62429e-01,-2.03852e-04,4.53205e-01,8.04586e-05,4.53420e-01,-4.32141e-15,4.53420e-01,4.10000e+00,399,-4.10000e+00,4.53420e-01,0.00000e+00,0.00000e+00,1,5.10000e+00,-1.00000e+01,2.50000e-01,0.00000e+00
0.00000e+00,0.00000e+00,0.00000e+00,5.38460e-01,3.21334e-01,-1.82217e-04,4.64204e-01,7.36616e-05,4.64524e-01,-4.81275e-15,4.64524e-01,4.20000e+00,399,-4.20000e+00,4.64524e-01,0.00000e+00,0.00000e+00,1,5.20000e+00,-1.00000e+01,2.50000e-01,0.00000e+00
0.00000e+00,0.00000e+00,0.00000e+00,5.88205e-01,3.60589e-01,-2.23122e-04,4.75206e-01,9.23362e-05,4.75564e-01,-5.95432e-15,4.75564e-01,4.30000e+00,399,-4.30000e+00,4.75564e-01,0.00000e+00,0.00000e+00,1,5.30000e+00,-1.00000e+01,2.50000e-01,0.00000e+00
0.00000e+00,0.00000e+00,0.00000e+00,6.23700e-01,3.85376e-01,-1.52624e-04,4.86249e-01,6.46286e-05,4.86634e-01,-4.71359e-15,4.86634e-01,4.40000e+00,399,-4.40000e+00,4.86634e-01,0.00000e+00,0.00000e+00,1,5.40000e+00,-1.00000e+01,2.50000e-01,0.00000e+00
0.00000e+00,0.00000e+00,0.00000e+00,7.30854e-01,4.81412e-01,9.10951e-05,4.97346e-01,-3.94534e-05,4.97783e-01,-4.64174e-15,4.97783e-01,4.50000e+00,399,-4.50000e+00,4.97783e-01,0.00000e+00,0.00000e+00,1,5.50000e+00,-1.00000e+01,2.50000e-01,0.00000e+00
0.00000e+00,0.00000e+00,0.00000e+00,6.57657e-01,3.97278e-01,6.96518e-05,5.08508e-01,-3.08464e-05,5.08893e-01,-3.78695e-15,5.08893e-01,4.60000e+00,399,-4.60000e+00,5.08893e-01,0.00000e+00,0.00000e+00,1,5.60000e+00,-1.00000e+01,2.50000e-01,0.00000e+00
0.00000e+00,0.00000e+00,0.00000e+00,6.90804e-01,4.18903e-01,2.34112e-04,5.19761e-01,-1.05969e-04,5.20146e-01,-3.48112e-15,5.20146e-01,4.70000e+00,399,-4.70000e+00,5.20146e-01,0.00000e+00,0.00000e+00,1,5.70000e+00,-1.00000e+01,2.50000e-01,0.00000e+00
0.00000e+00,0.00000e+00,0.00000e+00,6.45037e-01,3.61483e-01,4.17305e-04,5.31079e-01,-1.93002e-04,5.31419e-01,-2.09163e-15,5.31419e-01,4.80000e+00,399,-4.80000e+00,5.31419e-01,0.00000e+00,0.00000e+00,1,5.80000e+00,-1.00000e+01,2.50000e-01,0.00000e+00
0.00000e+00,0.00000e+00,0.00000e+00,4.94913e-01,1.99800e-01,5.00982e-04,5.42457e-01,-2.36668e-04,5.42657e-01,-3.58620e-15,5.42657e-01,4.90000e+00,399,-4.90000e+00,5.42657e-01,0.00000e+00,0.00000e+00,1,5.90000e+00,-1.00000e+01,2.50000e-01,0.00000e+00
0.00000e+00,0.00000e+00,0.00000e+00,4.51824e-01,1.44584e-01,6.15559e-04,5.53898e-01,-2.96934e-04,5.54010e-01,-5.56340e-15,5.54010e-01,5.00000e+00,399,-5.00000e+00,5.54010e-01,0.00000e+00,0.00000e+00,1,6.00000e+00,-1.00000e+01,2.50000e-01,0.00000e+00
0.00000e+00,0.00000e+00,0.00000e+00,3.05409e-01,-1.40788e-02,6.82588e-04,5.65369e-01,-3.36091e-04,5.65346e-01,-5.92915e-15,5.65346e-01,5.10000e+00,399,-5.10000e+00,5.65346e-01,0.00000e+00,0.00000e+00,1,6.10000e+00,-1.00000e+01,2.50000e-01,0.00000e+00
0.00000e+00,0.00000e+00,0.00000e+00,2.61595e-01,-7.06184e-02,8.56057e-04,5.76867e-01,-4.30078e-04,5.76750e-01,-6.85847e-15,5.76750e-01,5.20000e+00,399,-5.20000e+00,5.76750e-01,0.00000e+00,0.00000e+00,1,6.20000e+00,-1.00000e+01,2.50000e-01,0.00000e+00
0.00000e+00,0.00000e+00,0.00000e+00,2.11627e-01,-1.33730e-01,9.69104e-04,5.88368e-01,-4.96583e-04,5.88189e-01,-6.37357e-15,5.88189e-01,5.30000e+00,399,-5.30000e+00,5.88189e-01,0.00000e+00,0.00000e+00,1,6.30000e+00,-1.00000e+01,2.50000e-01,0.00000e+00
0.00000e+00,0.00000e+00,0.00000e+00,2.23481e-02,-3.36032e-01,8.02917e-04,5.99830e-01,-4.19452e-04,5.99498e-01,-5.10328e-15,5.99498e-01,5.40000e+00,399,-5.40000e+00,5.99498e-01,0.00000e+00,0.00000e+00,1,6.40000e+00,-1.00000e+01,2.50000e-01,0.00000e+00
0.00000e+00,0.00000e+00,0.00000e+00,2.70230e-02,-3.45195e-01,8.55961e-04,6.11269e-01,-4.55690e-04,6.10928e-01,-5.57403e-15,6.10928e-01,5.50000e+00,399,-5.50000e+00,6.10928e-01,0.00000e+00,0.00000e+00,1,6.50000e+00,-1.00000e+01,2.50000e-01,0.00000e+00
0.00000e+00,0.00000e+00,0.00000e+00,5.44992e-03,-3.80877e-01,7.84436e-04,6.22656e-01,-4.25396e-04,6.22321e-01,-9.05707e-16,6.22321e-01,5.60000e+00,399,-5.60000e+00,6.22321e-01,0.00000e+00,0.00000e+00,1,6.60000e+00,-1.00000e+01,2.50000e-01,0.00000e+00
0.00000e+00,0.00000e+00,0.00000e+00,6.33818e-03,-3.94017e-01,6.96152e-04,6.33964e-01,-3.84379e-04,6.33581e-01,-7.50978e-15,6.33581e-01,5.70000e+00,399,-5.70000e+00,6.33581e-01,0.00000e+00,0.00000e+00,1,6.70000e+00,-1.00000e+01,2.50000e-01,0.00000e+00
0.00000e+00,0.00000e+00,0.00000e+00,7.85079e-02,-3.36495e-01,7.03753e-04,6.45214e-01,-3.95472e-04,6.44893e-01,-4.10341e-15,6.44893e-01,5.80000e+00,399,-5.80000e+00,6.44893e-01,0.00000e+00,0.00000e+00,1,6.80000e+00,-1.00000e+01,2.50000e-01,0.00000e+00
0.00000e+00,0.00000e+00,0.00000e+00,8.81846e-02,-3.41280e-01,6.34717e-04,6.56388e-01,-3.62854e-04,6.56043e-01,-9.93299e-15,6.56043e-01,5.90000e+00,399,-5.90000e+00,6.56043e-01,0.00000e+00,0.00000e+00,1,6.90000e+00,-1.00000e+01,2.50000e-01,0.00000e+00
0.00000e+00,0.00000e+00,0.00000e+00,2.19966e-01,-2.24671e-01,6.94193e-04,6.67562e-01,-4.03606e-04,6.67318e-01,-8.59931e-15,6.67318e-01,6.00000e+00,399,-6.00000e+00,6.67318e-01,0.00000e+00,0.00000e+00,1,7.00000e+00,-1.00000e+01,2.50000e-01,0.00000e+00
0.00000e+00,0.00000e+00,0.00000e+00,3.07007e-01,-1.52998e-01,6.03674e-04,6.78729e-01,-3.56853e-04,6.78574e-01,-8.55841e-15,6.78574e-01,6.10000e+00,399,-6.10000e+00,6.78574e-01,0.00000e+00,0.00000e+00,1,7.10000e+00,-1.00000e+01,2.50000e-01,0.00000e+00
0.00000e+00,0.00000e+00,0.00000e+00,3.35265e-01,-1.39998e-01,5.66933e-04,6.89872e-01,-3.40638e-04,6.89719e-01,-1.06423e-14,6.89719e-01,6.20000e+00,399,-6.20000e+00,6.89719e-01,0.00000e+00,0.00000e+00,1,7.20000e+00,-1.00000e+01,2.50000e-01,0.00000e+00
0.00000e+00,0.00000e+00,0.00000e+00,4.54072e-01,-3.71950e-02,8.51867e-04,7.01085e-01,-5.20140e-04,7.01047e-01,-1.97743e-15,7.01047e-01,6.30000e+00,399,-6.30000e+00,7.01047e-01,0.00000e+00,0.00000e+00,1,7.30000e+00,-1.00000e+01,2.50000e-01,0.00000e+00
0.00000e+00,0.00000e+00,0.00000e+00,4.93900e-01,-1.31897e-02,9.47377e-04,7.12362e-01,-5.87761e-04,7.12299e-01,-4.09714e-15,7.12299e-01,6.40000e+00,399,-6.40000e+00,7.12299e-01,0.00000e+00,0.00000e+00,1,7.40000e+00,-1.00000e+01,2.50000e-01,0.00000e+00
0.00000e+00,0.00000e+00,0.00000e+00,5.63734e-01,4.04119e-02,1.17503e-03,7.23720e-01,-7.40616e-04,7.23646e-01,-3.02774e-15,7.23646e-01,6.50000e+00,399,-6.50000e+00,7.23646e-01,0.00000e+00,0.00000e+00,1,7.50000e+00,-1.00000e+01,2.50000e-01,0.00000e+00
0.00000e+00,0.00000e+00,0.00000e+00,5.95872e-01,5.60769e-02,1.44925e-03,7.35198e-01,-9.27941e-04,7.35057e-01,-4.88871e-15,7.35057e-01,6.60000e+00,399,-6.60000e+00,7.35057e-01,0.00000e+00,0.00000e+00,1,7.60000e+00,-1.00000e+01,2.50000e-01,0.00000e+00
0.00000e+00,0.00000e+00,0.00000e+00,5.24131e-01,-3.22635e-02,1.67760e-03,7.46800e-01,-1.09110e-03,7.46492e-01,-8.39147e-15,7.46492e-01,6.70000e+00,399,-6.70000e+00,7.46492e-01,0.00000e+00,0.00000e+00,1,7.70000e+00,-1.00000e+01,2.50000e-01,0.00000e+00
0.00000e+00,0.00000e+00,0.00000e+00,4.63336e-01,-1.10060e-01,1.99646e-03,7.58514e-01,-1.31886e-03,7.58028e-01,-9.62304e-15,7.58028e-01,6.80000e+00,399,-6.80000e+00,7.58028e-01,0.00000e+00,0.00000e+00,1,7.80000e+00,-1.00000e+01,2.50000e-01,0.00000e+00
0.00000e+00,0.00000e+00,0.00000e+00,3.89850e-01,-2.01030e-01,2.23626e-03,7.70360e-01,-1.50036e-03,7.69690e-01,-1.31612e-14,7.69690e-01,6.90000e+00,399,-6.90000e+00,7.69690e-01,0.00000e+00,0.00000e+00,1,7.90000e+00,-1.00000e+01,2.50000e-01,0.00000e+00
0.00000e+00,0.00000e+00,0.00000e+00,3.37151e-01,-2.71851e-01,2.59744e-03,7.82310e-01,-1.76973e-03,7.81509e-01,-8.25963e-15,7.81509e-01,7.00000e+00,399,-7.00000e+00,7.81509e-01,0.00000e+00,0.00000e+00,1,8.00000e+00,-1.00000e+01,2.50000e-01,0.00000e+00
0.00000e+00,0.00000e+00,0.00000e+00,2.16141e-01,-4.10969e-01,2.83203e-03,7.94303e-01,-1.95916e-03,7.93256e-01,-8.92522e-15,7.93256e-01,7.10000e+00,399,-7.10000e+00,7.93256e-01,0.00000e+00,0.00000e+00,1,8.10000e+00,-1.00000e+01,2.50000e-01,0.00000e+00
0.00000e+00,0.00000e+00,0.00000e+00,1.00044e-01,-5.45957e-01,3.00057e-03,8.06372e-01,-2.10732e-03,8.05177e-01,-2.86541e-15,8.05177e-01,7.20000e+00,399,-7.20000e+00,8.05177e-01,0.00000e+00,0.00000e+00,1,8.20000e+00,-1.00000e+01,2.50000e-01,0.00000e+00
0.00000e+00,0.00000e+00,0.00000e+00,1.69352e-02,-6.48123e-01,3.13603e-03,8.18450e-01,-2.23547e-03,8.17070e-01,-6.52609e-15,8.17070e-01,7.30000e+00,399,-7.30000e+00,8.17070e-01,0.00000e+00,0.00000e+00,1,8.30000e+00,-1.00000e+01,2.50000e-01,0.00000e+00
0.00000e+00,0.00000e+00,0.00000e+00,-7.62060e-02,-7.60821e-01,3.14768e-03,8.30521e-01,-2.27689e-03,8.29012e-01,-4.13892e-15,8.29012e-01,7.40000e+00,399,-7.40000e+00,8.29012e-01,0.00000e+00,0.00000e+00,1,8.40000e+00,-1.00000e+01,2.50000e-01,0.00000e+00
0.00000e+00,0.00000e+00,0.00000e+00,-1.24840e-01,-8.29351e-01,3.09550e-03,8.42545e-01,-2.27158e-03,8.40948e-01,-5.02469e-15,8.40948e-01,7.50000e+00,399,-7.50000e+00,8.40948e-01,0.00000e+00,0.00000e+00,1,8.50000e+00,-1.00000e+01,2.50000e-01,0.00000e+00
0.00000e+00,0.00000e+00,0.00000e+00,-1.80704e-01,-9.04991e-01,2.93207e-03,8.54459e-01,-2.18210e-03,8.52710e-01,-1.39267e-14,8.52710e-01,7.60000e+00,399,-7.60000e+00,8.52710e-01,0.00000e+00,0.00000e+00,1,8.60000e+00,-1.00000e+01,2.50000e-01,0.00000e+00
0.00000e+00,0.00000e+00,0.00000e+00,-1.84623e-01,-9.29344e-01,2.80639e-03,8.66314e-01,-2.11755e-03,8.64556e-01,-1.24148e-14,8.64556e-01,7.70000e+00,399,-7.70000e+00,8.64556e-01,0.00000e+00,0.00000e+00,1,8.70000e+00,-1.00000e+01,2.50000e-01,0.00000e+00
0.00000e+00,0.00000e+00,0.00000e+00,-9.19481e-02,-8.57368e-01,2.81931e-03,8.78120e-01,-2.15629e-03,8.76395e-01,-1.53977e-14,8.76395e-01,7.80000e+00,399,-7.80000e+00,8.76395e-01,0.00000e+00,0.00000e+00,1,8.80000e+00,-1.00000e+01,2.50000e-01,0.00000e+00
0.00000e+00,0.00000e+00,0.00000e+00,-6.73986e-02,-8.53694e-01,2.70028e-03,8.89880e-01,-2.09292e-03,8.88167e-01,-1.09027e-14,8.88167e-01,7.90000e+00,399,-7.90000e+00,8.88167e-01,0.00000e+00,0.00000e+00,1,8.90000e+00,-1.00000e+01,2.50000e-01,0.00000e+00
0.00000e+00,0.00000e+00,0.00000e+00,-1.25639e-02,-8.19927e-01,2.61210e-03,9.01583e-01,-2.05120e-03,8.99897e-01,-9.83013e-15,8.99897e-01,8.00000e+00,399,-8.00000e+00,8.99897e-01,0.00000e+00,0.00000e+00,1,9.00000e+00,-1.00000e+01,2.50000e-01,0.00000e+00
0.00000e+00,0.00000e+00,0.00000e+00,6.15555e-02,-7.67113e-01,2.74255e-03,9.13309e-01,-2.18164e-03,9.11633e-01,-6.58126e-15,9.11633e-01,8.10000e+00,399,-8.10000e+00,9.11633e-01,0.00000e+00,0.00000e+00,1,9.10000e+00,-1.00000e+01,2.50000e-01,0.00000e+00
0.00000e+00,0.00000e+00,0.00000e+00,1.09253e-01,-7.41007e-01,2.94872e-03,9.25111e-01,-2.37595e-03,9.23400e-01,-4.28602e-15,9.23400e-01,8.20000e+00,399,-8.20000e+00,9.23400e-01,0.00000e+00,0.00000e+00,1,9.20000e+00,-1.00000e+01,2.50000e-01,0.00000e+00
0.00000e+00,0.00000e+00,0.00000e+00,2.69745e-01,-6.02574e-01,3.32108e-03,9.36981e-01,-2.71027e-03,9.35285e-01,-7.18581e-15,9.35285e-01,8.30000e+00,399,-8.30000e+00,9.35285e-01,0.00000e+00,0.00000e+00,1,9.30000e+00,-1.00000e+01,2.50000e-01,0.00000e+00
0.00000e+00,0.00000e+00,0.00000e+00,3.05833e-01,-5.88692e-01,3.73504e-03,9.48990e-01,-3.08715e-03,9.47159e-01,-8.28790e-15,9.47159e-01,8.40000e+00,399,-8.40000e+00,9.47159e-01,0.00000e+00,0.00000e+00,1,9.40000e+00,-1.00000e+01,2.50000e-01,0.00000e+00
0.00000e+00,0.00000e+00,0.00000e+00,3.06020e-01,-6.11290e-01,4.11384e-03,9.61209e-01,-3.44401e-03,9.59199e-01,-1.44423e-14,9.59199e-01,8.50000e+00,399,-8.50000e+00,9.59199e-01,0.00000e+00,0.00000e+00,1,9.50000e+00,-1.00000e+01,2.50000e-01,0.00000e+00
0.00000e+00,0.00000e+00,0.00000e+00,3.41229e-01,-5.99855e-01,4.46339e-03,9.73652e-01,-3.78501e-03,9.71547e-01,-1.27728e-14,9.71547e-01,8.60000e+00,399,-8.60000e+00,9.71547e-01,0.00000e+00,0.00000e+00,1,9.60000e+00,-1.00000e+01,2.50000e-01,0.00000e+00
0.00000e+00,0.00000e+00,0.00000e+00,3.03710e-01,-6.61675e-01,4.78662e-03,9.86372e-01,-4.11216e-03,9.84052e-01,-1.85746e-14,9.84052e-01,8.70000e+00,399,-8.70000e+00,9.84052e-01,0.00000e+00,0.00000e+00,1,9.70000e+00,-1.00000e+01,2.50000e-01,0.00000e+00
0.00000e+00,0.00000e+00,0.00000e+00,2.58843e-01,-7.32061e-01,5.11426e-03,9.99414e-01,-4.45174e-03,9.96948e-01,-1.45924e-14,9.96948e-01,8.80000e+00,399,-8.80000e+00,9.96948e-01,0.00000e+00,0.00000e+00,1,9.80000e+00,-1.00000e+01,2.50000e-01,0.00000e+00
0.00000e+00,0.00000e+00,0.00000e+00,1.49765e-01,-8.67039e-01,5.40085e-03,1.01267e+00,-4.76361e-03,1.00992e+00,-1.13031e-14,1.00992e+00,8.90000e+00,399,-8.90000e+00,1.00992e+00,0.00000e+00,0.00000e+00,1,9.90000e+00,-1.00000e+01,2.50000e-01,0.00000e+00
0.00000e+00,0.00000e+00,0.00000e+00,7.67563e-02,-9.66856e-01,5.64569e-03,1.02616e+00,-5.04600e-03,1.02315e+00,-1.18196e-14,1.02315e+00,9.00000e+00,399,-9.00000e+00,1.02315e+00,0.00000e+00,0.00000e+00,1,1.00000e+01,-1.00000e+01,2.50000e-01,0.00000e+00
0.00000e+00,0.00000e+00,0.00000e+00,-3.47208e-03,-1.07493e+00,5.87170e-03,1.04000e+00,-5.31882e-03,1.03671e+00,-6.64839e-15,1.03671e+00,9.10000e+00,399,-9.10000e+00,1.03671e+00,0.00000e+00,0.00000e+00,1,1.01000e+01,-1.00000e+01,2.50000e-01,0.00000e+00
0.00000e+00,0.00000e+00,0.00000e+00,-1.33115e-01,-1.23300e+00,6.19769e-03,1.05413e+00,-5.69053e-03,1.05042e+00,-1.00584e-14,1.05042e+00,9.20000e+00,399,-9.20000e+00,1.05042e+00,0.00000e+00,0.00000e+00,1,1.02000e+01,-1.00000e+01,2.50000e-01,0.00000e+00
0.00000e+00,0.00000e+00,0.00000e+00,-2.27084e-01,-1.35659e+00,6.46691e-03,1.06855e+00,-6.01900e-03,1.06447e+00,-7.90169e-15,1.06447e+00,9.30000e+00,399,-9.30000e+00,1.06447e+00,0.00000e+00,0.00000e+00,1,1.03000e+01,-1.00000e+01,2.50000e-01,0.00000e+00
0.00000e+00,0.00000e+00,0.00000e+00,-3.80195e-01,-1.54080e+00,6.65986e-03,1.08368e+00,-6.28651e-03,1.07905e+00,-1.71081e-14,1.07905e+00,9.40000e+00,399,-9.40000e+00,1.07905e+00,0.00000e+00,0.00000e+00,1,1.04000e+01,-1.00000e+01,2.50000e-01,0.00000e+00
0.00000e+00,0.00000e+00,0.00000e+00,-4.12441e-01,-1.60998e+00,6.96467e-03,1.10100e+00,-6.67946e-03,1.09604e+00,-1.78117e-14,1.09604e+00,9.50000e+00,399,-9.50000e+00,1.09604e+00,0.00000e+00,0.00000e+00,1,1.05000e+01,-1.00000e+01,2.50000e-01,0.00000e+00
0.00000e+00,0.00000e+00,0.00000e+00,-4.25856e-01,-1.65546e+00,7.23934e-03,1.11580e+00,-7.03623e-03,1.11056e+00,-1.60794e-14,1.11056e+00,9.60000e+00,399,-9.60000e+00,1.11056e+00,0.00000e+00,0.00000e+00,1,1.06000e+01,-1.00000e+01,2.50000e-01,0.00000e+00
0.00000e+00,0.00000e+00,0.00000e+00,-4.44390e-01,-1.70987e+00,7.46434e-03,1.13204e+00,-7.36055e-03,1.12656e+00,-1.22161e-14,1.12656e+00,9.70000e+00,399,-9.70000e+00,1.12656e+00,0.00000e+00,0.00000e+00,1,1.07000e+01,-1.00000e+01,2.50000e-01,0.00000e+00
0.00000e+00,0.00000e+00,0.00000e+00,-2.53446e-01,-1.55970e+00,7.42050e-03,1.14968e+00,-7.43134e-03,1.14440e+00,-5.38636e-15,1.14440e+00,9.80000e+00,399,-9.80000e+00,1.14440e+00,0.00000e+00,0.00000e+00,1,1.08000e+01,-1.00000e+01,2.50000e-01,0.00000e+00
0.00000e+00,0.00000e+00,0.00000e+00,-3.05345e-01,-1.65044e+00,7.47656e-03,1.16660e+00,-7.59775e-03,1.16114e+00,-2.69086e-15,1.16114e+00,9.90000e+00,399,-9.90000e+00,1.16114e+00,0.00000e+00,0.00000e+00,1,1.09000e+01,-1.00000e+01,2.50000e-01,0.00000e+00
0.00000e+00,0.00000e+00,0.00000e+00,-3.89781e-01,-1.77542e+00,7.58813e-03,1.18427e+00,-7.82799e-03,1.17842e+00,-1.92045e-14,1.17842e+00,1.00000e+01,399,-1.00000e+01,1.17842e+00,0.00000e+00,0.00000e+00,1,1.10000e+01,-1.00000e+01,2.50000e-01,0.00000e+00
0.00000e+00,0.00000e+00,0.00000e+00,-7.34022e-02,-1.49608e+00,7.49201e-03,1.19947e+00,-7.82787e-03,1.19398e+00,-2.44190e-14,1.19398e+00,1.01000e+01,399,-1.01000e+01,1.19398e+00,0.00000e+00,0.00000e+00,1,1.11000e+01,-1.00000e+01,2.50000e-01,0.00000e+00
0.00000e+00,0.00000e+00,0.00000e+00,-8.08758e-02,-1.54571e+00,7.10013e-03,1.21702e+00,-7.52733e-03,1.21140e+00,-6.39977e-15,1.21140e+00,1.02000e+01,399,-1.02000e+01,1.21140e+00,0.00000e+00,0.00000e+00,1,1.12000e+01,-1.00000e+01,2.50000e-01,0.00000e+00
0.00000e+00,0.00000e+00,0.00000e+00,-2.49131e-02,-1.53301e+00,7.54484e-03,1.23535e+00,-8.11928e-03,1.22918e+00,-5.55664e-14,1.22918e+00,1.03000e+01,399,-1.03000e+01,1.22918e+00,0.00000e+00,0.00000e+00,1,1.13000e+01,-1.00000e+01,2.50000e-01,0.00000e+00
0.00000e+00,0.00000e+00,0.00000e+00,2.42271e-02,-1.52360e+00,8.14693e-03,1.25178e+00,-8.88378e-03,1.24523e+00,-7.27723e-14,1.24523e+00,1.04000e+01,399,-1.04000e+01,1.24523e+00,0.00000e+00,0.00000e+00,1,1.14000e+01,-1.00000e+01,2.50000e-01,0.00000e+00
0.00000e+00,0.00000e+00,0.00000e+00,2.78308e-01,-1.31886e+00,8.75774e-03,1.27119e+00,-9.69769e-03,1.26486e+00,-3.81725e-14,1.26486e+00,1.05000e+01,399,-1.05000e+01,1.26486e+00,0.00000e+00,0.00000e+00,1,1.15000e+01,-1.00000e+01,2.50000e-01,0.00000e+00
0.00000e+00,0.00000e+00,0.00000e+00,2.48107e-01,-1.39827e+00,9.08699e-03,1.29075e+00,-1.02172e-02,1.28407e+00,-1.23634e-14,1.28407e+00,1.06000e+01,399,-1.06000e+01,1.28407e+00,0.00000e+00,0.00000e+00,1,1.16000e+01,-1.00000e+01,2.50000e-01,0.00000e+00
0.00000e+00,0.00000e+00,0.00000e+00,1.13744e-02,-1.68413e+00,9.33867e-03,1.31033e+00,-1.06601e-02,1.30290e+00,-4.21795e-15,1.30290e+00,1.07000e+01,399,-1.07000e+01,1.30290e+00,0.00000e+00,0.00000e+00,1,1.17000e+01,-1.00000e+01,2.50000e-01,0.00000e+00
0.00000e+00,0.00000e+00,0.00000e+00,5.99065e-02,-1.69014e+00,9.90549e-03,1.33141e+00,-1.14892e-02,1.32358e+00,5.11970e-15,1.32358e+00,1.08000e+01,399,-1.08000e+01,1.32358e+00,0.00000e+00,0.00000e+00,1,1.18000e+01,-1.00000e+01,2.50000e-01,0.00000e+00
0.00000e+00,0.00000e+00,0.00000e+00,3.66390e-02,-1.76673e+00,1.10501e-02,1.35174e+00,-1.30123e-02,1.34346e+00,1.09988e-14,1.34346e+00,1.09000e+01,399,-1.09000e+01,1.34346e+00,0.00000e+00,0.00000e+00,1,1.19000e+01,-1.00000e+01,2.50000e-01,0.00000e+00
0.00000e+00,0.00000e+00,0.00000e+00,-1.62192e-01,-2.02356e+00,1.18209e-02,1.37434e+00,-1.41533e-02,1.36472e+00,-4.02014e-14,1.36472e+00,1.10000e+01,399,-1.10000e+01,1.36472e+00,0.00000e+00,0.00000e+00,1,1.20000e+01,-1.00000e+01,2.50000e-01,0.00000e+00
0.00000e+00,0.00000e+00,0.00000e+00,-1.96827e-01,-2.11913e+00,1.26029e-02,1.39719e+00,-1.53406e-02,1.38671e+00,-5.37841e-14,1.38671e+00,1.11000e+01,399,-1.11000e+01,1.38671e+00,0.00000e+00,0.00000e+00,1,1.21000e+01,-1.00000e+01,2.50000e-01,0.00000e+00
0.00000e+00,0.00000e+00,0.00000e+00,-4.84167e-01,-2.46725e+00,1.39882e-02,1.41963e+00,-1.73009e-02,1.40812e+00,-2.57023e-14,1.40812e+00,1.12000e+01,399,-1.12000e+01,1.40812e+00,0.00000e+00,0.00000e+00,1,1.22000e+01,-1.00000e+01,2.50000e-01,0.00000e+00
0.00000e+00,0.00000e+00,0.00000e+00,-3.45956e-01,-2.39975e+00,1.52563e-02,1.44514e+00,-1.92083e-02,1.43288e+00,-5.17527e-14,1.43288e+00,1.13000e+01,399,-1.13000e+01,1.43288e+00,0.00000e+00,0.00000e+00,1,1.23000e+01,-1.00000e+01,2.50000e-01,0.00000e+00
0.00000e+00,0.00000e+00,0.00000e+00,-5.80298e-01,-2.69181e+00,1.57288e-02,1.46590e+00,-2.00886e-02,1.45254e+00,-1.72102e-14,1.45254e+00,1.14000e+01,399,-1.14000e+01,1.45254e+00,0.00000e+00,0.00000e+00,1,1.24000e+01,-1.00000e+01,2.50000e-01,0.00000e+00
0.00000e+00,0.00000e+00,0.00000e+00,-4.30708e-01,-2.62057e+00,1.61019e-02,1.49343e+00,-2.09515e-02,1.47908e+00,-3.98243e-14,1.47908e+00,1.15000e+01,399,-1.15000e+01,1.47908e+00,0.00000e+00,0.00000e+00,1,1.25000e+01,-1.00000e+01,2.50000e-01,0.00000e+00
0.00000e+00,0.00000e+00,0.00000e+00,-6.53400e-01,-2.91159e+00,1.66110e-02,1.51732e+00,-2.19609e-02,1.50156e+00,-4.20499e-14,1.50156e+00,1.16000e+01,399,-1.16000e+01,1.50156e+00,0.00000e+00,0.00000e+00,1,1.26000e+01,-1.00000e+01,2.50000e-01,0.00000e+00
0.00000e+00,0.00000e+00,0.00000e+00,-6.00516e-01,-2.93730e+00,1.69660e-02,1.54434e+00,-2.28299e-02,1.52720e+00,-9.91449e-14,1.52720e+00,1.17000e+01,399,-1.17000e+01,1.52720e+00,0.00000e+00,0.00000e+00,1,1.27000e+01,-1.00000e+01,2.50000e-01,0.00000e+00
0.00000e+00,0.00000e+00,0.00000e+00,-7.45295e-01,-3.16691e+00,1.75629e-02,1.57264e+00,-2.40668e-02,1.55420e+00,-1.03731e-13,1.55420e+00,1.18000e+01,399,-1.18000e+01,1.55420e+00,0.00000e+00,0.00000e+00,1,1.28000e+01,-1.00000e+01,2.50000e-01,0.00000e+00
0.00000e+00,0.00000e+00,0.00000e+00,-3.12658e-01,-2.81485e+00,1.82375e-02,1.59847e+00,-2.54012e-02,1.57989e+00,-9.34712e-14,1.57989e+00,1.19000e+01,399,-1.19000e+01,1.57989e+00,0.00000e+00,0.00000e+00,1,1.29000e+01,-1.00000e+01,2.50000e-01,0.00000e+00
0.00000e+00,0.00000e+00,0.00000e+00,-5.59284e-01,-3.14588e+00,1.78947e-02,1.62559e+00,-2.53485e-02,1.60574e+00,-3.53150e-14,1.60574e+00,1.20000e+01,399,-1.20000e+01,1.60574e+00,0.00000e+00,0.00000e+00,1,1.30000e+01,-1.00000e+01,2.50000e-01,0.00000e+00
0.00000e+00,0.00000e+00,0.00000e+00,-3.52933e-02,-2.72286e+00,1.95738e-02,1.65746e+00,-2.82693e-02,1.63681e+00,-9.85577e-14,1.63681e+00,1.21000e+01,399,-1.21000e+01,1.63681e+00,0.00000e+00,0.00000e+00,1,1.31000e+01,-1.00000e+01,2.50000e-01,0.00000e+00
0.00000e+00,0.00000e+00,0.00000e+00,-3.20968e-01,-3.10218e+00,2.03270e-02,1.68685e+00,-2.98790e-02,1.66438e+00,-7.49269e-14,1.66438e+00,1.22000e+01,399,-1.22000e+01,1.66438e+00,0.00000e+00,0.00000e+00,1,1.32000e+01,-1.00000e+01,2.50000e-01,0.00000e+00
0.00000e+00,0.00000e+00,0.00000e+00,-9.54488e-03,-2.90212e+00,2.24080e-02,1.72064e+00,-3.35972e-02,1.69720e+00,-5.76676e-15,1.69720e+00,1.23000e+01,399,-1.23000e+01,1.69720e+00,0.00000e+00,0.00000e+00,1,1.33000e+01,-1.00000e+01,2.50000e-01,0.00000e+00
0.00000e+00,0.00000e+00,0.00000e+00,-1.77070e-01,-3.18832e+00,2.30818e-02,1.75655e+00,-3.53312e-02,1.73089e+00,5.59055e-14,1.73089e+00,1.24000e+01,399,-1.24000e+01,1.73089e+00,0.00000e+00,0.00000e+00,1,1.34000e+01,-1.00000e+01,2.50000e-01,0.00000e+00
0.00000e+00,0.00000e+00,0.00000e+00,1.52844e-01,-2.97566e+00,2.49597e-02,1.79110e+00,-3.89567e-02,1.76403e+00,8.75756e-14,1.76403e+00,1.25000e+01,399,-1.25000e+01,1.76403e+00,0.00000e+00,0.00000e+00,1,1.35000e+01,-1.00000e+01,2.50000e-01,0.00000e+00
0.00000e+00,0.00000e+00,0.00000e+00,-1.22316e-01,-3.37163e+00,2.63566e-02,1.82765e+00,-4.19796e-02,1.79659e+00,-6.17647e-14,1.79659e+00,1.26000e+01,399,-1.26000e+01,1.79659e+00,0.00000e+00,0.00000e+00,1,1.36000e+01,-1.00000e+01,2.50000e-01,0.00000e+00
0.00000e+00,0.00000e+00,0.00000e+00,-2.07890e-01,-3.59795e+00,2.70821e-02,1.86847e+00,-4.41004e-02,1.83406e+00,-9.26424e-14,1.83406e+00,1.27000e+01,399,-1.27000e+01,1.83406e+00,0.00000e+00,0.00000e+00,1,1.37000e+01,-1.00000e+01,2.50000e-01,0.00000e+00
0.00000e+00,0.00000e+00,0.00000e+00,-3.73574e-01,-3.91154e+00,2.79074e-02,1.90954e+00,-4.64458e-02,1.87262e+00,-6.97857e-15,1.87262e+00,1.28000e+01,399,-1.28000e+01,1.87262e+00,0.00000e+00,0.00000e+00,1,1.38000e+01,-1.00000e+01,2.50000e-01,0.00000e+00
0.00000e+00,0.00000e+00,0.00000e+00,-3.12700e-01,-4.01105e+00,3.10025e-02,1.95392e+00,-5.27988e-02,1.91359e+00,-1.86066e-14,1.91359e+00,1.29000e+01,399,-1.29000e+01,1.91359e+00,0.00000e+00,0.00000e+00,1,1.39000e+01,-1.00000e+01,2.50000e-01,0.00000e+00
0.00000e+00,0.00000e+00,0.00000e+00,-4.00058e-01,-4.27671e+00,3.22864e-02,2.00200e+00,-5.63427e-02,1.95785e+00,-7.68247e-15,1.95785e+00,1.30000e+01,399,-1.30000e+01,1.95785e+00,0.00000e+00,0.00000e+00,1,1.40000e+01,-1.00000e+01,2.50000e-01,0.00000e+00
0.00000e+00,0.00000e+00,0.00000e+00,-7.77582e-01,-4.82352e+00,3.55891e-02,2.04806e+00,-6.35398e-02,1.99813e+00,6.69339e-16,1.99813e+00,1.31000e+01,399,-1.31000e+01,1.99813e+00,0.00000e+00,0.00000e+00,1,1.41000e+01,-1.00000e+01,2.50000e-01,0.00000e+00
0.00000e+00,0.00000e+00,0.00000e+00,-8.93919e-01,-5.13012e+00,3.69377e-02,2.09834e+00,-6.75720e-02,2.04268e+00,-1.03312e-14,2.04268e+00,1.32000e+01,399,-1.32000e+01,2.04268e+00,0.00000e+00,0.00000e+00,1,1.42000e+01,-1.00000e+01,2.50000e-01,0.00000e+00
0.00000e+00,0.00000e+00,0.00000e+00,-8.87986e-01,-5.33218e+00,4.00355e-02,2.15294e+00,-7.51515e-02,2.09003e+00,-9.41655e-14,2.09003e+00,1.33000e+01,399,-1.33000e+01,2.09003e+00,0.00000e+00,0.00000e+00,1,1.43000e+01,-1.00000e+01,2.50000e-01,0.00000e+00
0.00000e+00,0.00000e+00,0.00000e+00,-1.03015e+00,-5.70461e+00,4.29791e-02,2.21075e+00,-8.28494e-02,2.14117e+00,-1.93802e-14,2.14117e+00,1.34000e+01,399,-1.34000e+01,2.14117e+00,0.00000e+00,0.00000e+00,1,1.44000e+01,-1.00000e+01,2.50000e-01,0.00000e+00
0.00000e+00,0.00000e+00,0.00000e+00,-1.14184e+00,-6.05636e+00,4.55148e-02,2.26974e+00,-9.00900e-02,2.19296e+00,1.45744e-13,2.19296e+00,1.35000e+01,399,-1.35000e+01,2.19296e+00,0.00000e+00,0.00000e+00,1,1.45000e+01,-1.00000e+01,2.50000e-01,0.00000e+00
0.00000e+00,0.00000e+00,0.00000e+00,-9.83359e-01,-6.16077e+00,4.79888e-02,2.33332e+00,-9.76635e-02,2.24828e+00,5.14334e-14,2.24828e+00,1.36000e+01,399,-1.36000e+01,2.24828e+00,0.00000e+00,0.00000e+00,1,1.46000e+01,-1.00000e+01,2.50000e-01,0.00000e+00
0.00000e+00,0.00000e+00,0.00000e+00,-9.01266e-01,-6.35481e+00,5.02213e-02,2.39970e+00,-1.05134e-01,2.30407e+00,-1.18848e-13,2.30407e+00,1.37000e+01,399,-1.37000e+01,2.30407e+00,0.00000e+00,0.00000e+00,1,1.47000e+01,-1.00000e+01,2.50000e-01,0.00000e+00
