-0.000017285,-0.000097078,0,0.04454,0.044814,0.000060074,0,0,0,0,0,0,41,0,0,0,0,1,0.1,0.24106,1.9853,0
-0.000080847,-0.00045998,0,0.091268,0.092323,0.00025091,0,0,0,0,0,0,41,0,0,0,0,1,0.2,0.24099,1.985,0
-0.0002018,-0.0011798,0,0.13897,0.14149,0.00058988,0,0,0,0,0,0,41,0,0,0,0,1,0.3,0.24087,1.9842,0
-0.0003832,-0.0023339,0,0.18391,0.18876,0.0010675,0,0,0,0,0,0,41,0,0,0,0,1,0.4,0.24069,1.9831,0
-0.00062594,-0.0039936,0,0.2301,0.2383,0.0016527,0,0,0,0,0,0,41,0,0,0,0,1,0.5,0.24045,1.9814,0
-0.00091726,-0.0061688,0,0.27973,0.29239,0.0022768,0,0,0,0,0,0,41,0,0,0,0,1,0.6,0.24016,1.9792,0
-0.0012193,-0.0087267,0,0.327,0.34497,0.0028171,0,0,0,0,0,0,41,0,0,0,0,1,0.7,0.23985,1.9767,0
-0.0015112,-0.011558,0,0.37567,0.39966,0.0032093,0,0,0,0,0,0,41,0,0,0,0,1,0.8,0.23956,1.9739,0
-0.0017758,-0.014524,0,0.42767,0.45813,0.0034495,0,0,0,0,0,0,41,0,0,0,0,1,0.9,0.2393,1.9709,0
-0.0019916,-0.017363,0,0.47698,0.51385,0.0035298,0,0,0,0,0,0,41,0,0,0,0,1,1,0.23908,1.9681,0
-0.0021558,-0.019887,0,0.52494,0.56765,0.003531,0,0,0,0,0,0,41,0,0,0,0,1,1.1,0.23892,1.9655,0
-0.0022927,-0.021996,0,0.57157,0.61923,0.0035753,0,0,0,0,0,0,41,0,0,0,0,1,1.2,0.23878,1.9634,0
-0.0024253,-0.023637,0,0.62052,0.67197,0.0037545,0,0,0,0,0,0,41,0,0,0,0,1,1.3,0.23865,1.9618,0
-0.0025512,-0.024723,0,0.66961,0.72335,0.0040419,0,0,0,0,0,0,41,0,0,0,0,1,1.4,0.23852,1.9607,0
-0.0026619,-0.025253,0,0.71446,0.76903,0.0043783,0,0,0,0,0,0,41,0,0,0,0,1,1.5,0.23841,1.9602,0
-0.0027689,-0.025453,0,0.76123,0.81578,0.0047647,0,0,0,0,0,0,41,0,0,0,0,1,1.6,0.2383,1.96,0
-0.0028793,-0.025565,0,0.80907,0.86346,0.0051849,0,0,0,0,0,0,41,0,0,0,0,1,1.7,0.23819,1.9599,0
-0.0029948,-0.025788,0,0.85472,0.90937,0.0056057,0,0,0,0,0,0,41,0,0,0,0,1,1.8,0.23808,1.9596,0
-0.0031328,-0.026302,0,0.90094,0.95667,0.0060218,0,0,0,0,0,0,41,0,0,0,0,1,1.9,0.23794,1.9591,0
-0.003315,-0.027231,0,0.94777,1.0055,0.0064812,0,0,0,0,0,0,41,0,0,0,0,1,2,0.23776,1.9582,0
-0.0035518,-0.028618,0,0.99701,1.0577,0.0070381,0,0,0,0,0,0,41,0,0,0,0,1,2.1,0.23752,1.9568,0
-0.0038302,-0.030434,0,1.0428,1.1073,0.0076866,0,0,0,0,0,0,41,0,0,0,0,1,2.2,0.23724,1.955,0
-0.0041416,-0.032749,0,1.089,1.1583,0.0083804,0,0,0,0,0,0,41,0,0,0,0,1,2.3,0.23693,1.9527,0
-0.0044465,-0.035497,0,1.1432,1.2181,0.0089226,0,0,0,0,0,0,41,0,0,0,0,1,2.4,0.23663,1.9499,0
-0.0046902,-0.038423,0,1.1961,1.2771,0.0090915,0,0,0,0,0,0,41,0,0,0,0,1,2.5,0.23638,1.947,0
-0.0048585,-0.04134,0,1.2465,1.3339,0.0089205,0,0,0,0,0,0,41,0,0,0,0,1,2.6,0.23621,1.9441,0
-0.0049841,-0.044164,0,1.2971,1.3911,0.008655,0,0,0,0,0,0,41,0,0,0,0,1,2.7,0.23609,1.9413,0
-0.0051012,-0.046758,0,1.3488,1.4491,0.0084919,0,0,0,0,0,0,41,0,0,0,0,1,2.8,0.23597,1.9387,0
-0.0052203,-0.048866,0,1.3962,1.5017,0.0084454,0,0,0,0,0,0,41,0,0,0,0,1,2.9,0.23585,1.9366,0
-0.0053675,-0.050404,0,1.446,1.5551,0.00861,0,0,0,0,0,0,41,0,0,0,0,1,3,0.23571,1.935,0
-0.005557,-0.051439,0,1.496,1.6076,0.0091096,0,0,0,0,0,0,41,0,0,0,0,1,3.1,0.23552,1.934,0
-0.0057643,-0.052095,0,1.5442,1.6574,0.0098944,0,0,0,0,0,0,41,0,0,0,0,1,3.2,0.23531,1.9333,0
-0.0059411,-0.052505,0,1.5903,1.7047,0.010664,0,0,0,0,0,0,41,0,0,0,0,1,3.3,0.23513,1.9329,0
-0.0060708,-0.052784,0,1.6346,1.7497,0.011148,0,0,0,0,0,0,41,0,0,0,0,1,3.4,0.235,1.9326,0
-0.0061896,-0.053102,0,1.6846,1.8,0.011451,0,0,0,0,0,0,41,0,0,0,0,1,3.5,0.23488,1.9323,0
-0.0063445,-0.05364,0,1.7337,1.8496,0.011875,0,0,0,0,0,0,41,0,0,0,0,1,3.6,0.23473,1.9318,0
-0.0065597,-0.05459,0,1.7767,1.8941,0.012575,0,0,0,0,0,0,41,0,0,0,0,1,3.7,0.23451,1.9308,0
-0.0068294,-0.056053,0,1.825,1.945,0.013407,0,0,0,0,0,0,41,0,0,0,0,1,3.8,0.23424,1.9294,0
-0.0071055,-0.057933,0,1.8769,2.0001,0.014041,0,0,0,0,0,0,41,0,0,0,0,1,3.9,0.23397,1.9275,0
-0.0073416,-0.0602,0,1.9307,2.0579,0.014271,0,0,0,0,0,0,41,0,0,0,0,1,4,0.23373,1.9252,0
-0.0075252,-0.06292,0,1.9829,2.1156,0.01414,0,0,0,0,0,0,41,0,0,0,0,1,4.1,0.23355,1.9225,0
-0.0077081,-0.066023,0,2.035,2.1748,0.013972,0,0,0,0,0,0,41,0,0,0,0,1,4.2,0.23337,1.9194,0
-0.0079386,-0.069126,0,2.0896,2.237,0.014046,0,0,0,0,0,0,41,0,0,0,0,1,4.3,0.23313,1.9163,0
-0.0082021,-0.071898,0,2.1383,2.2921,0.014309,0,0,0,0,0,0,41,0,0,0,0,1,4.4,0.23287,1.9135,0
-0.0084674,-0.074432,0,2.192,2.3521,0.014633,0,0,0,0,0,0,41,0,0,0,0,1,4.5,0.23261,1.911,0
-0.0087004,-0.076736,0,2.2463,2.4126,0.014962,0,0,0,0,0,0,41,0,0,0,0,1,4.6,0.23237,1.9087,0
-0.0088852,-0.078587,0,2.2974,2.4693,0.015292,0,0,0,0,0,0,41,0,0,0,0,1,4.7,0.23219,1.9068,0
-0.0090024,-0.079839,0,2.3443,2.5201,0.015485,0,0,0,0,0,0,41,0,0,0,0,1,4.8,0.23207,1.9056,0
-0.0090826,-0.080629,0,2.3914,2.5694,0.015636,0,0,0,0,0,0,41,0,0,0,0,1,4.9,0.23199,1.9048,0
-0.0091862,-0.081127,0,2.4416,2.6205,0.016072,0,0,0,0,0,0,41,0,0,0,0,1,5,0.23189,1.9043,0
-0.0092808,-0.081338,0,2.4424,2.6215,0.016649,-0.0022139,-0.01767,-0.0023198,-0.01915,0.019416,0,41,0,-0.0023068,-0.018512,0,1,5.1,0.23179,1.9041,0
-0.0092835,-0.081334,0,2.4399,2.619,0.016904,-0.0044222,-0.03535,-0.0046392,-0.038297,0.038829,0,41,0,-0.0046175,-0.037025,0,1,5.2,0.23179,1.9041,0
-0.0092193,-0.081209,0,2.4392,2.6189,0.016884,-0.0066437,-0.053039,-0.0069575,-0.057433,0.058231,0,41,0,-0.0069466,-0.055535,0,1,5.3,0.23185,1.9042,0
-0.0091853,-0.080911,0,2.4385,2.619,0.01713,-0.0088559,-0.070743,-0.0092742,-0.076553,0.077616,0,41,0,-0.0092777,-0.074044,0,1,5.4,0.23189,1.9045,0
-0.0092186,-0.080404,0,2.4326,2.6139,0.017787,-0.011033,-0.088475,-0.011589,-0.095651,0.096981,0,41,0,-0.011591,-0.092558,0,1,5.5,0.23185,1.905,0
-0.0092866,-0.079744,0,2.4247,2.6069,0.018605,-0.013182,-0.10624,-0.013901,-0.11473,0.11632,0,41,0,-0.013891,-0.11108,0,1,5.6,0.23179,1.9057,0
-0.0093694,-0.079087,0,2.4232,2.6073,0.019459,-0.01532,-0.12403,-0.016213,-0.1338,0.13566,0,41,0,-0.016185,-0.12962,0,1,5.7,0.2317,1.9063,0
-0.0094119,-0.078471,0,2.4199,2.6072,0.020196,-0.017474,-0.1418,-0.018524,-0.15286,0.15499,0,41,0,-0.018484,-0.14816,0,1,5.8,0.23166,1.9069,0
-0.0093811,-0.077927,0,2.4086,2.6009,0.020703,-0.019678,-0.15953,-0.020835,-0.17192,0.17431,0,41,0,-0.020801,-0.16668,0,1,5.9,0.23169,1.9075,0
-0.0093365,-0.077548,0,2.4047,2.6032,0.021246,-0.021902,-0.17724,-0.023149,-0.191,0.19366,0,41,0,-0.023115,-0.1852,0,1,6,0.23174,1.9079,0
-0.0093046,-0.0773,0,2.3979,2.6036,0.021965,-0.024116,-0.19495,-0.025465,-0.21011,0.21304,0,41,0,-0.025407,-0.20375,0,1,6.1,0.23177,1.9081,0
-0.0092309,-0.077174,0,2.396,2.6096,0.02265,-0.026362,-0.21267,-0.027783,-0.22924,0.23243,0,41,0,-0.027706,-0.22231,0,1,6.2,0.23184,1.9082,0
-0.0090502,-0.077062,0,2.3859,2.6081,0.023003,-0.028717,-0.23041,-0.030102,-0.24839,0.25184,0,41,0,-0.030067,-0.24088,0,1,6.3,0.23202,1.9084,0
-0.0088124,-0.077009,0,2.3778,2.6093,0.023206,-0.031163,-0.24817,-0.032424,-0.26755,0.27127,0,41,0,-0.032497,-0.25947,0,1,6.4,0.23226,1.9084,0
-0.008593,-0.077046,0,2.3756,2.6173,0.023615,-0.033621,-0.26591,-0.034747,-0.28673,0.29072,0,41,0,-0.034948,-0.27805,0,1,6.5,0.23248,1.9084,0
-0.0084413,-0.077049,0,2.3662,2.6185,0.024457,-0.036009,-0.28366,-0.037069,-0.30592,0.31017,0,41,0,-0.03737,-0.2966,0,1,6.6,0.23263,1.9084,0
-0.0083968,-0.076882,0,2.3584,2.6211,0.025853,-0.038256,-0.30151,-0.03939,-0.32509,0.32961,0,41,0,-0.039734,-0.31518,0,1,6.7,0.23268,1.9085,0
-0.0084369,-0.076489,0,2.3517,2.6245,0.027615,-0.040396,-0.31949,-0.041709,-0.34425,0.34903,0,41,0,-0.042073,-0.33383,0,1,6.8,0.23264,1.9089,0
-0.0084918,-0.075888,0,2.3445,2.6276,0.0295,-0.042503,-0.33752,-0.044023,-0.36337,0.36842,0,41,0,-0.044422,-0.35247,0,1,6.9,0.23258,1.9095,0
-0.0085102,-0.075047,0,2.3271,2.6211,0.031331,-0.04464,-0.35555,-0.046333,-0.38245,0.38776,0,41,0,-0.046803,-0.37109,0,1,7,0.23256,1.9104,0
-0.008507,-0.073994,0,2.3112,2.6164,0.033096,-0.046818,-0.37365,-0.048639,-0.4015,0.40708,0,41,0,-0.049235,-0.38975,0,1,7.1,0.23257,1.9114,0
-0.0085228,-0.072838,0,2.3043,2.6213,0.034926,-0.048999,-0.3918,-0.050944,-0.42054,0.42638,0,41,0,-0.051685,-0.40846,0,1,7.2,0.23255,1.9126,0
-0.0085673,-0.071555,0,2.2939,2.6235,0.037023,-0.051083,-0.40994,-0.053247,-0.43956,0.44567,0,41,0,-0.054052,-0.42716,0,1,7.3,0.23251,1.9139,0
-0.0086099,-0.07011,0,2.2735,2.6163,0.039309,-0.053087,-0.42811,-0.055549,-0.45857,0.46494,0,41,0,-0.056332,-0.44586,0,1,7.4,0.23246,1.9153,0
-0.0085846,-0.068592,0,2.2589,2.6155,0.041353,-0.055232,-0.44637,-0.057852,-0.47758,0.48422,0,41,0,-0.058708,-0.46466,0,1,7.5,0.23249,1.9168,0
-0.0084596,-0.067138,0,2.2436,2.6151,0.042994,-0.057654,-0.46465,-0.06016,-0.49663,0.50353,0,41,0,-0.06128,-0.48353,0,1,7.6,0.23261,1.9183,0
-0.0083044,-0.065929,0,2.2272,2.6154,0.04468,-0.060163,-0.48273,-0.062475,-0.51573,0.5229,0,41,0,-0.063885,-0.50231,0,1,7.7,0.23277,1.9195,0
-0.0081913,-0.064906,0,2.2069,2.6132,0.046745,-0.062556,-0.50069,-0.064796,-0.53489,0.54232,0,41,0,-0.066382,-0.52102,0,1,7.8,0.23288,1.9205,0
-0.0081387,-0.063968,0,2.197,2.622,0.049108,-0.064849,-0.51877,-0.067125,-0.55412,0.56181,0,41,0,-0.068831,-0.53984,0,1,7.9,0.23293,1.9215,0
-0.0080865,-0.063002,0,2.1832,2.6273,0.051509,-0.067186,-0.53701,-0.069461,-0.5734,0.58136,0,41,0,-0.071342,-0.55881,0,1,8,0.23299,1.9224,0
-0.0080039,-0.062169,0,2.1632,2.6278,0.053901,-0.069631,-0.5551,-0.0718,-0.59271,0.60095,0,41,0,-0.07391,-0.57767,0,1,8.1,0.23307,1.9232,0
-0.0079224,-0.061541,0,2.141,2.6276,0.056399,-0.07212,-0.57297,-0.074144,-0.61207,0.62057,0,41,0,-0.076489,-0.5964,0,1,8.2,0.23315,1.9239,0
-0.0078757,-0.060894,0,2.1241,2.6332,0.05906,-0.07456,-0.59094,-0.076491,-0.63147,0.64024,0,41,0,-0.079039,-0.61522,0,1,8.3,0.2332,1.9245,0
-0.0078414,-0.059991,0,2.1098,2.6409,0.061836,-0.076937,-0.60923,-0.078834,-0.65084,0.65988,0,41,0,-0.081562,-0.63421,0,1,8.4,0.23323,1.9254,0
-0.0077556,-0.058771,0,2.086,2.6391,0.06453,-0.079399,-0.62773,-0.081168,-0.67014,0.67944,0,41,0,-0.084127,-0.65324,0,1,8.5,0.23332,1.9266,0
-0.0076367,-0.05739,0,2.0674,2.6428,0.067225,-0.081936,-0.64628,-0.083495,-0.6894,0.69897,0,41,0,-0.086743,-0.67225,0,1,8.6,0.23344,1.928,0
-0.0075066,-0.055824,0,2.0499,2.6481,0.070001,-0.084494,-0.66493,-0.085818,-0.70863,0.71846,0,41,0,-0.089405,-0.69133,0,1,8.7,0.23357,1.9296,0
-0.0073534,-0.054014,0,2.0258,2.6469,0.072838,-0.087116,-0.68372,-0.088134,-0.72779,0.73789,0,41,0,-0.09217,-0.71046,0,1,8.8,0.23372,1.9314,0
-0.0072078,-0.052008,0,2,2.6445,0.075855,-0.089734,-0.70258,-0.090444,-0.74691,0.75727,0,41,0,-0.09502,-0.7296,0,1,8.9,0.23387,1.9334,0
-0.007152,-0.049857,0,1.9764,2.6447,0.079353,-0.092059,-0.72156,-0.092753,-0.76603,0.77665,0,41,0,-0.097767,-0.74876,0,1,9,0.23392,1.9356,0
-0.0071966,-0.047521,0,1.953,2.6454,0.083368,-0.094001,-0.74076,-0.095061,-0.78515,0.79603,0,41,0,-0.10036,-0.76803,0,1,9.1,0.23388,1.9379,0
-0.0072678,-0.045038,0,1.9264,2.6434,0.087598,-0.095876,-0.76012,-0.097372,-0.80428,0.81542,0,41,0,-0.10302,-0.78741,0,1,9.2,0.23381,1.9404,0
-0.0073493,-0.04267,0,1.8984,2.6415,0.091957,-0.097825,-0.77934,-0.099693,-0.82349,0.8349,0,41,0,-0.1058,-0.80679,0,1,9.3,0.23372,1.9427,0
-0.0074745,-0.040641,0,1.8785,2.6498,0.096564,-0.099686,-0.79816,-0.10203,-0.84285,0.85452,0,41,0,-0.1085,-0.82603,0,1,9.4,0.2336,1.9448,0
-0.0075897,-0.038739,0,1.8484,2.6494,0.10123,-0.10155,-0.81677,-0.10438,-0.86231,0.87425,0,41,0,-0.11112,-0.84522,0,1,9.5,0.23348,1.9467,0
-0.007621,-0.036815,0,1.8177,2.6493,0.10567,-0.1037,-0.83548,-0.10675,-0.88185,0.89406,0,41,0,-0.11384,-0.86456,0,1,9.6,0.23345,1.9486,0
-0.0075515,-0.034937,0,1.7875,2.6507,0.10982,-0.10627,-0.8543,-0.10912,-0.90147,0.91395,0,41,0,-0.11671,-0.88407,0,1,9.7,0.23352,1.9505,0
-0.007389,-0.033234,0,1.7622,2.6583,0.11372,-0.10923,-0.87302,-0.1115,-0.92119,0.93395,0,41,0,-0.11967,-0.90358,0,1,9.8,0.23368,1.9522,0
-0.0071287,-0.031591,0,1.7364,2.6665,0.11741,-0.11261,-0.89165,-0.11389,-0.94097,0.954,0,41,0,-0.12278,-0.9231,0,1,9.9,0.23394,1.9538,0
-0.0067999,-0.029876,0,1.7044,2.6692,0.12097,-0.11634,-0.91032,-0.11629,-0.96078,0.97408,0,41,0,-0.12606,-0.9427,0,1,10,0.23427,1.9555,0
-0.0064978,-0.028137,0,1.6789,2.6793,0.12475,-0.12006,-0.92896,-0.11868,-0.98062,0.99419,0,41,0,-0.12932,-0.96227,0,1,10.1,0.23458,1.9573,0
-0.0062747,-0.026176,0,1.6472,2.6834,0.12891,-0.12346,-0.94785,-0.12107,-1.0004,1.0143,0,41,0,-0.13245,-0.98187,0,1,10.2,0.2348,1.9592,0
-0.0061607,-0.023835,0,1.6124,2.6841,0.13358,-0.12637,-0.9673,-0.12345,-1.0202,1.0343,0,41,0,-0.13544,-1.0017,0,1,10.3,0.23491,1.9616,0
-0.0061536,-0.021203,0,1.5768,2.6837,0.13879,-0.12883,-0.98719,-0.12582,-1.0399,1.0542,0,41,0,-0.13838,-1.0217,0,1,10.4,0.23492,1.9642,0
-0.0062177,-0.018508,0,1.5487,2.6916,0.14448,-0.13102,-1.0071,-0.12819,-1.0595,1.0742,0,41,0,-0.14137,-1.0416,0,1,10.5,0.23486,1.9669,0
-0.0063018,-0.015629,0,1.5159,2.6953,0.15056,-0.13309,-1.027,-0.13055,-1.0792,1.0941,0,41,0,-0.14451,-1.0614,0,1,10.6,0.23477,1.9698,0
-0.0063928,-0.012421,0,1.4765,2.6926,0.15696,-0.13504,-1.0472,-0.1329,-1.0987,1.1139,0,41,0,-0.14777,-1.0814,0,1,10.7,0.23468,1.973,0
-0.0065262,-0.0090817,0,1.4379,2.6913,0.16368,-0.1367,-1.0676,-0.13525,-1.1183,1.1338,0,41,0,-0.15097,-1.1015,0,1,10.8,0.23455,1.9763,0
-0.0066913,-0.0057757,0,1.4034,2.6951,0.1706,-0.13816,-1.088,-0.13761,-1.138,1.1537,0,41,0,-0.15403,-1.1216,0,1,10.9,0.23438,1.9796,0
-0.0068161,-0.0024195,0,1.3653,2.6963,0.17751,-0.13973,-1.1086,-0.13997,-1.1577,1.1736,0,41,0,-0.15712,-1.1418,0,1,11,0.23426,1.983,0
-0.0068206,0.00091482,0,1.3254,2.6969,0.18423,-0.14194,-1.1291,-0.14235,-1.1774,1.1936,0,41,0,-0.16053,-1.1622,0,1,11.1,0.23425,1.9863,0
-0.0066942,0.0040342,0,1.285,2.6986,0.19075,-0.14498,-1.1493,-0.14474,-1.1973,1.2138,0,41,0,-0.1643,-1.1825,0,1,11.2,0.23438,1.9895,0
-0.0065114,0.0069546,0,1.2497,2.7072,0.19712,-0.14841,-1.169,-0.14715,-1.2174,1.2341,0,41,0,-0.16808,-1.2028,0,1,11.3,0.23456,1.9924,0
-0.0063335,0.0099238,0,1.2053,2.7077,0.20344,-0.15176,-1.189,-0.14957,-1.2375,1.2545,0,41,0,-0.17162,-1.2232,0,1,11.4,0.23474,1.9953,0
-0.0061657,0.012841,0,1.1633,2.7114,0.20974,-0.15519,-1.2092,-0.15201,-1.2577,1.275,0,41,0,-0.17508,-1.2439,0,1,11.5,0.23491,1.9983,0
-0.0059777,0.015566,0,1.1314,2.7267,0.21614,-0.15901,-1.2292,-0.15446,-1.2781,1.2957,0,41,0,-0.17875,-1.2646,0,1,11.6,0.2351,2.001,0
-0.0057651,0.018308,0,1.0894,2.7329,0.2227,-0.16308,-1.2491,-0.15691,-1.2985,1.3164,0,41,0,-0.18259,-1.2852,0,1,11.7,0.23531,2.0037,0
-0.0055764,0.021207,0,1.0444,2.7365,0.22953,-0.1669,-1.269,-0.15936,-1.3189,1.337,0,41,0,-0.18631,-1.3058,0,1,11.8,0.2355,2.0066,0
-0.0054325,0.024312,0,0.99391,2.7351,0.23674,-0.17039,-1.2893,-0.1618,-1.3392,1.3576,0,41,0,-0.18998,-1.3265,0,1,11.9,0.23564,2.0097,0
-0.005339,0.027633,0,0.95716,2.7474,0.24443,-0.17358,-1.3104,-0.16423,-1.3594,1.3781,0,41,0,-0.19374,-1.3475,0,1,12,0.23573,2.0131,0
-0.0052631,0.031328,0,0.91258,2.7517,0.25263,-0.17648,-1.3322,-0.16664,-1.3795,1.3984,0,41,0,-0.19763,-1.3687,0,1,12.1,0.23581,2.0167,0
-0.0051859,0.035261,0,0.8652,2.7538,0.26128,-0.17912,-1.3541,-0.16903,-1.3995,1.4187,0,41,0,-0.20156,-1.3899,0,1,12.2,0.23589,2.0207,0
-0.0051029,0.039346,0,0.81853,2.7572,0.27042,-0.18165,-1.376,-0.17142,-1.4194,1.4389,0,41,0,-0.20563,-1.411,0,1,12.3,0.23597,2.0248,0
-0.0050039,0.043706,0,0.77218,2.7615,0.28002,-0.18419,-1.3984,-0.17381,-1.4393,1.4591,0,41,0,-0.20999,-1.4323,0,1,12.4,0.23607,2.0291,0
-0.0049004,0.048309,0,0.71975,2.7602,0.29005,-0.18671,-1.4212,-0.17619,-1.4592,1.4792,0,41,0,-0.21455,-1.4539,0,1,12.5,0.23617,2.0337,0
-0.0048276,0.052917,0,0.6667,2.7596,0.30037,-0.18909,-1.4439,-0.17858,-1.4792,1.4995,0,41,0,-0.21905,-1.4754,0,1,12.6,0.23625,2.0383,0
-0.004823,0.057505,0,0.61775,2.7645,0.31089,-0.19114,-1.4667,-0.18099,-1.4994,1.5199,0,41,0,-0.22334,-1.497,0,1,12.7,0.23625,2.0429,0
-0.0048415,0.062242,0,0.56777,2.7696,0.32149,-0.1932,-1.49,-0.18341,-1.5197,1.5405,0,41,0,-0.22763,-1.5191,0,1,12.8,0.23623,2.0477,0
-0.0048115,0.06697,0,0.51096,2.7694,0.33218,-0.19585,-1.5131,-0.18585,-1.5402,1.5612,0,41,0,-0.23219,-1.5413,0,1,12.9,0.23626,2.0524,0
-0.0047532,0.071335,0,0.45446,2.7717,0.34284,-0.1991,-1.535,-0.18833,-1.5609,1.5823,0,41,0,-0.23681,-1.563,0,1,13,0.23632,2.0568,0
-0.004724,0.075473,0,0.40491,2.7829,0.35337,-0.2024,-1.5566,-0.19084,-1.582,1.6036,0,41,0,-0.24118,-1.5846,0,1,13.1,0.23635,2.0609,0
-0.004677,0.079769,0,0.35173,2.7915,0.36377,-0.20587,-1.5789,-0.19335,-1.6031,1.625,0,41,0,-0.2455,-1.6069,0,1,13.2,0.2364,2.0652,0
-0.0045261,0.084195,0,0.29625,2.7985,0.37431,-0.21015,-1.6018,-0.19587,-1.6242,1.6464,0,41,0,-0.25023,-1.6296,0,1,13.3,0.23655,2.0696,0
-0.0042656,0.088591,0,0.23859,2.8045,0.38516,-0.21527,-1.6245,-0.19838,-1.6453,1.6677,0,41,0,-0.25539,-1.6521,0,1,13.4,0.23681,2.074,0
-0.0039558,0.093033,0,0.18615,2.8165,0.39636,-0.22066,-1.6472,-0.2009,-1.6665,1.6891,0,41,0,-0.26074,-1.6747,0,1,13.5,0.23712,2.0785,0
-0.003612,0.09776,0,0.12151,2.8166,0.40813,-0.22609,-1.6705,-0.20339,-1.6875,1.7104,0,41,0,-0.26637,-1.6976,0,1,13.6,0.23746,2.0832,0
-0.0032785,0.10262,0,0.064287,2.8246,0.4207,-0.23141,-1.694,-0.20588,-1.7084,1.7316,0,41,0,-0.27227,-1.7204,0,1,13.7,0.23779,2.088,0
-0.0030276,0.10773,0,0.0072381,2.8333,0.4341,-0.23597,-1.7181,-0.20835,-1.7292,1.7527,0,41,0,-0.27817,-1.7434,0,1,13.8,0.23805,2.0931,0
-0.0028935,0.11332,0,-0.050982,2.8411,0.44814,-0.23923,-1.7435,-0.2108,-1.7498,1.7736,0,41,0,-0.28376,-1.7667,0,1,13.9,0.23818,2.0987,0
-0.0028324,0.11938,0,-0.11667,2.842,0.46291,-0.24153,-1.77,-0.21323,-1.7703,1.7943,0,41,0,-0.28927,-1.7905,0,1,14,0.23824,2.1048,0
-0.0027917,0.12558,0,-0.18445,2.8418,0.47857,-0.24366,-1.7966,-0.21565,-1.7909,1.8151,0,41,0,-0.29507,-1.8142,0,1,14.1,0.23828,2.111,0
-0.002763,0.13179,0,-0.24452,2.8505,0.49503,-0.24582,-1.823,-0.2181,-1.8116,1.8361,0,41,0,-0.30121,-1.8377,0,1,14.2,0.23831,2.1172,0
-0.0027171,0.13818,0,-0.31298,2.852,0.51192,-0.24801,-1.8496,-0.22055,-1.8323,1.8571,0,41,0,-0.30748,-1.8616,0,1,14.3,0.23836,2.1236,0
-0.0026503,0.14475,0,-0.38431,2.8523,0.52899,-0.25029,-1.8766,-0.22301,-1.8532,1.8782,0,41,0,-0.31373,-1.8856,0,1,14.4,0.23842,2.1302,0
-0.0025457,0.15137,0,-0.45473,2.8551,0.54617,-0.253,-1.9039,-0.22549,-1.8742,1.8995,0,41,0,-0.32006,-1.91,0,1,14.5,0.23853,2.1368,0
-0.0023834,0.158,0,-0.52328,2.8615,0.56347,-0.25644,-1.9314,-0.22799,-1.8954,1.921,0,41,0,-0.32661,-1.9347,0,1,14.6,0.23869,2.1434,0
-0.0021309,0.16458,0,-0.59665,2.8645,0.58091,-0.26086,-1.9588,-0.2305,-1.9167,1.9425,0,41,0,-0.33347,-1.9596,0,1,14.7,0.23894,2.15,0
-0.0017905,0.17104,0,-0.66872,2.8702,0.59869,-0.26646,-1.9859,-0.23302,-1.9381,1.9642,0,41,0,-0.34078,-1.9845,0,1,14.8,0.23928,2.1565,0
-0.001406,0.17742,0,-0.73708,2.8808,0.61696,-0.27287,-2.0129,-0.23556,-1.9597,1.986,0,41,0,-0.34852,-2.0095,0,1,14.9,0.23967,2.1628,0
-0.0010214,0.18395,0,-0.8052,2.8926,0.63559,-0.27943,-2.0405,-0.23808,-1.9811,2.0077,0,41,0,-0.35635,-2.035,0,1,15,0.24005,2.1694,0
-0.00066833,0.19075,0,-0.884,2.8947,0.65463,-0.28557,-2.0691,-0.24059,-2.0024,2.0293,0,41,0,-0.36407,-2.0608,0,1,15.1,0.24041,2.1762,0
-0.00036408,0.19767,0,-0.95544,2.9052,0.67448,-0.29139,-2.0983,-0.24308,-2.0237,2.0508,0,41,0,-0.37195,-2.0869,0,1,15.2,0.24071,2.1831,0
-0.000088599,0.20474,0,-1.0278,2.9153,0.69566,-0.2971,-2.128,-0.24557,-2.045,2.0723,0,41,0,-0.38035,-2.1132,0,1,15.3,0.24098,2.1902,0
0.0001749,0.21209,0,-1.1025,2.9241,0.71803,-0.30246,-2.1581,-0.24805,-2.0662,2.0938,0,41,0,-0.38904,-2.1395,0,1,15.4,0.24125,2.1975,0
0.0004286,0.21987,0,-1.1871,2.9241,0.74147,-0.30713,-2.1893,-0.25051,-2.0873,2.1152,0,41,0,-0.3978,-2.1659,0,1,15.5,0.2415,2.2053,0
0.00067926,0.22808,0,-1.27,2.9271,0.76618,-0.31132,-2.2218,-0.25295,-2.1084,2.1365,0,41,0,-0.40684,-2.1928,0,1,15.6,0.24175,2.2135,0
0.00095959,0.23673,0,-1.349,2.9352,0.79245,-0.31549,-2.2559,-0.25538,-2.1295,2.1578,0,41,0,-0.41652,-2.2204,0,1,15.7,0.24203,2.2221,0
0.001296,0.24581,0,-1.4383,2.9343,0.82001,-0.31973,-2.2912,-0.2578,-2.1505,2.179,0,41,0,-0.42667,-2.2484,0,1,15.8,0.24237,2.2312,0
0.001656,0.25512,0,-1.5247,2.9382,0.84845,-0.32387,-2.327,-0.26023,-2.1716,2.2004,0,41,0,-0.43693,-2.2766,0,1,15.9,0.24273,2.2405,0
0.00206,0.26463,0,-1.6121,2.9427,0.87782,-0.32834,-2.3631,-0.26267,-2.1929,2.2218,0,41,0,-0.44753,-2.305,0,1,16,0.24313,2.25,0
0.0025488,0.27436,0,-1.6988,2.9487,0.90846,-0.3337,-2.3996,-0.26511,-2.2141,2.2433,0,41,0,-0.45887,-2.3338,0,1,16.1,0.24362,2.2598,0
0.0031255,0.28434,0,-1.7982,2.9427,0.94045,-0.34007,-2.4367,-0.26754,-2.2352,2.2647,0,41,0,-0.47104,-2.363,0,1,16.2,0.2442,2.2698,0
0.0036953,0.29436,0,-1.8903,2.9452,0.97337,-0.34684,-2.4743,-0.26997,-2.2564,2.286,0,41,0,-0.48359,-2.3926,0,1,16.3,0.24477,2.2798,0
0.0041992,0.30446,0,-1.9767,2.9546,1.007,-0.35341,-2.5127,-0.2724,-2.2775,2.3074,0,41,0,-0.49623,-2.4227,0,1,16.4,0.24527,2.2899,0
0.0046724,0.31482,0,-2.0673,2.9607,1.0414,-0.35994,-2.5526,-0.27481,-2.2984,2.3285,0,41,0,-0.50917,-2.4536,0,1,16.5,0.24575,2.3002,0
0.0051508,0.3254,0,-2.1627,2.9624,1.0772,-0.36691,-2.5932,-0.2772,-2.3193,2.3496,0,41,0,-0.52278,-2.4851,0,1,16.6,0.24622,2.3108,0
0.0056499,0.33601,0,-2.2583,2.9653,1.1149,-0.3747,-2.6336,-0.27961,-2.3404,2.3709,0,41,0,-0.5372,-2.5164,0,1,16.7,0.24672,2.3214,0
0.006153,0.34677,0,-2.3537,2.9702,1.1543,-0.38283,-2.6744,-0.28203,-2.3618,2.3925,0,41,0,-0.55215,-2.5477,0,1,16.8,0.24723,2.3322,0
0.006669,0.35801,0,-2.4524,2.9738,1.1953,-0.39086,-2.7174,-0.28444,-2.3832,2.4141,0,41,0,-0.56753,-2.5799,0,1,16.9,0.24774,2.3434,0
0.0072345,0.36989,0,-2.5548,2.9756,1.2387,-0.39906,-2.7637,-0.28683,-2.4046,2.4357,0,41,0,-0.58386,-2.6136,0,1,17,0.24831,2.3553,0
0.0079152,0.38232,0,-2.6524,2.9841,1.2854,-0.40827,-2.8127,-0.2892,-2.4261,2.4574,0,41,0,-0.60162,-2.6483,0,1,17.1,0.24899,2.3677,0
0.0087666,0.39538,0,-2.757,2.9871,1.3357,-0.41878,-2.8639,-0.29155,-2.4476,2.479,0,41,0,-0.62094,-2.6835,0,1,17.2,0.24984,2.3808,0
0.0097593,0.4091,0,-2.8708,2.9817,1.3895,-0.43016,-2.9174,-0.29385,-2.469,2.5005,0,41,0,-0.64167,-2.7193,0,1,17.3,0.25083,2.3945,0
0.010829,0.4234,0,-2.9803,2.9804,1.4467,-0.44202,-2.9733,-0.29613,-2.4901,2.5218,0,41,0,-0.66384,-2.756,0,1,17.4,0.2519,2.4088,0
0.011964,0.43827,0,-3.0891,2.9789,1.5078,-0.45439,-3.0317,-0.29834,-2.5109,2.5427,0,41,0,-0.68766,-2.7935,0,1,17.5,0.25304,2.4237,0
0.013153,0.45386,0,-3.1985,2.9751,1.5724,-0.46687,-3.0936,-0.30046,-2.5309,2.5627,0,41,0,-0.71304,-2.8319,0,1,17.6,0.25423,2.4393,0
0.014353,0.47027,0,-3.32,2.9566,1.64,-0.47876,-3.1597,-0.30244,-2.5497,2.5816,0,41,0,-0.73967,-2.8718,0,1,17.7,0.25543,2.4557,0
0.015518,0.48723,0,-3.4311,2.9459,1.7102,-0.49001,-3.2292,-0.30433,-2.5678,2.5998,0,41,0,-0.76737,-2.9128,0,1,17.8,0.25659,2.4727,0
0.01674,0.50467,0,-3.5443,2.9307,1.784,-0.50197,-3.3015,-0.30614,-2.5852,2.6172,0,41,0,-0.79692,-2.9546,0,1,17.9,0.25781,2.4901,0
0.018128,0.52258,0,-3.6563,2.913,1.8624,-0.51612,-3.3769,-0.30789,-2.6021,2.6342,0,41,0,-0.82933,-2.9976,0,1,18,0.2592,2.508,0
